ID,Distance
130999,7.939986467
66755,66.36525917
275102,0.364638716
167029,4.76275301
15878,3.314588785
116162,3.7001158
85951,4.533926249
229122,0.626197487
270314,48.59275627
13946,11.05140972
101490,1.619429111
124526,0.609785378
102272,1.229561329
274762,2.564025044
130448,8.359053612
10055,18.52333212
276821,3.686033607
1001,4.912240982
59322,1.046640933
99932,7.3858881
221881,0.54862041
32059,83.028965
250231,2.703321695
131454,1.935474753
158458,19.87872696
28861,1.744432449
216678,45.26856041
10899,9.453151226
185642,1.685922742
169297,16.53947067
135047,0.365067283
269486,1.79323715
216548,2.743270636
36618,0.343058122
279580,3.567571998
194572,0.215183087
156042,0.200588308
153015,12.57499027
55077,14.60927916
1944,3.49775815
258226,2.859501243
92173,5.018952608
30789,2.037484705
237278,1.945384979
101089,0.007124359
269714,8.352782249
136206,3.131236792
154536,22.32885647
32324,6.876984119
268628,0.071486179
62087,8.764749527
98228,17.30651331
280714,0.075669628
161372,0.82642743
22301,1.542322874
161808,1.927630603
230290,5.776349783
94317,7.810554981
68539,0.721757166
134884,1.909763932
22474,1.415651798
51940,3.860170603
115971,4.002721667
99197,1.285667002
249323,4.794065952
147600,3.769094586
261384,1.663016945
201224,7.376915932
248318,1.943764985
45104,0.52148065
267025,78.99890518
209825,12.57820034
17749,2.600659847
157581,3.282672405
181666,39.27244091
159800,4.985911608
91236,0.835990906
134603,2.363612413
121696,5.826588869
54985,2.318876743
8783,13.90647173
270757,1.393611401
124654,0.757088155
85876,9.430948257
141376,3.728806973
224252,1.239541113
177350,8.854565144
249775,0.251677308
247343,0.906080961
153642,17.40993118
221207,32.57840633
243379,0.667091548
39764,5.7693398
4069,4.808209062
55841,5.640331507
250913,46.75084305
190087,1.815463483
155288,4.534006
157561,21.25309753
16308,0.944796532
271116,6.714118242
170672,11.36114883
139086,0.158677268
222865,10.25630569
194732,7.607575893
220167,4.105240345
65901,1.155510962
9683,9.086855888
108276,3.462638259
157149,0.610436767
229372,26.01929474
18028,13.83019543
228425,4.088618994
237030,1.26523155
175175,3.168999672
47172,3.559322476
210462,4.949896812
248387,4.318247437
160259,3.378037214
104874,1.011672318
185892,6.193900347
174130,10.31289148
168003,2.56800437
7380,7.990686893
63502,13.88918352
210266,2.968692183
20889,1.7370736
266284,0.444096118
171857,5.714096069
176463,0.854256302
188610,7.068182468
124623,2.925417423
162970,3.146608353
57149,3.202602267
150604,2.74809891
25616,1.141770542
116931,1.434195757
277717,3.922819853
212466,3.153767824
14680,3.410760045
56807,6.772515535
182363,3.604618549
178940,7.784973383
252899,4.053687572
226739,0.605413109
282228,3.30213201
272762,3.779044151
217407,16.47592115
275986,3.616324067
5824,10.12248659
66278,0.474815108
135908,2.625376463
92862,9.003511429
186075,0.620687485
161622,0.291160671
138029,0.980371386
107269,1.852894068
42559,1.028200299
8557,6.966262817
151733,4.340155005
258831,17.84762287
27058,4.743826389
83877,4.208387375
17291,3.888143897
45207,3.659349442
33849,5.39637661
172536,2.821472645
171380,5.854224443
160595,0.315638717
158108,0.139558412
262302,0.016290825
204350,4.202981949
191788,1.045810461
120080,4.338629007
200044,1.227952234
249327,3.150403857
63105,3.374282598
244868,11.5118556
165808,1.808419585
103671,7.57357049
46788,0.627450757
236471,20.95249367
144911,0.539347502
146914,1.614014864
222077,0.240105367
161717,3.636539698
14973,2.735315681
266694,2.050217688
51428,5.493809998
205688,2.942139626
270360,5.827160597
278012,0.52999334
45336,6.494486809
50242,1.298768282
7871,0.757381424
146582,1.057627022
83537,6.779616117
104716,0.614151027
177211,1.514779866
127339,1.987111449
182218,19.2313633
236248,0.188841543
277644,2.990343571
17781,1.015157729
140293,5.160074234
187219,7.586448193
281697,122.0245247
7859,20.1422081
186746,61.14226151
40196,15.49305058
199725,3.048475504
78341,0.006856016
221635,1.390981615
239680,9.728321075
16199,0.957905114
261099,0.008268019
177283,20.9801569
251262,0.128497891
208403,7.129064083
62515,5.608606577
21763,3.152641296
228410,5.973321676
138361,1.10686183
167574,4.219256401
264683,0.251754805
240625,1.278982818
167220,4.739231586
210750,2.112235069
187663,6.889384985
228891,0.405996099
83419,1.481649697
15547,7.123235703
239163,0.917578876
188249,4.26180315
282363,2.046156883
173225,2.436068177
106485,4.881526947
2234,1.183242381
73369,0.961851269
47059,3.333875418
197742,4.363356829
125332,1.328179955
170147,27.53357506
102362,9.26243782
189278,2.497250438
208990,0.499865189
80594,7.13234973
67877,3.532734156
146088,31.1930685
156531,5.014540911
81636,5.182606936
68979,5.134718299
257206,1.518057287
37223,6.226870298
168785,1.013699748
211827,11.77632713
266644,0.765452713
135083,3.348444581
81451,10.14616489
121066,2.259421468
30857,7.283140659
126532,0.085654441
143532,1.051476836
194590,5.439338326
24448,1.73334682
116256,0.921018839
42753,5.250363827
223764,8.220766068
58705,2.569828987
135873,2.800268173
254214,6.488282681
228979,0.900979042
13425,16.25458463
149000,3.445054829
72741,18.86040688
146939,6.794644594
82002,0.985142916
165319,9.213097572
158045,27.82117558
205893,1.967469037
170206,0.167583194
9293,4.754319668
64476,1.911869407
188415,5.124996424
182826,1.373728037
76480,13.92767191
113579,1.630234122
66530,4.895001411
148505,9.409804821
35825,6.455116749
233163,29.09548092
50433,9.062059402
58345,6.063868284
50543,2.417541742
119222,11.25785136
196506,37.73987007
196950,12.56568289
268338,0.082803375
74516,5.127846956
260137,0.948010921
35948,5.544332266
246167,2.006673336
153860,13.04260826
210129,5.755967617
110788,4.337882996
206550,7.47703743
258661,6.442744017
253985,3.360291362
164073,8.32404542
211784,5.708268881
242080,5.803371906
176654,0.841177195
240110,20.22141933
249846,5.491352439
5182,1.624735892
225911,2.064274311
84197,0.027465991
1525,8.707909107
229561,25.62276363
255084,0.581619695
208014,4.738837481
142296,3.890842795
151920,8.584782124
259990,0.569245934
58682,3.970018029
267691,1.324342251
228511,2.313386917
271023,3.976770997
104700,5.966971636
174194,3.48022294
92975,7.424396515
275461,0.08715881
254691,9.303322315
227668,33.59310913
272929,0.722154468
157154,16.99843931
120230,1.847821891
186561,5.307908773
182725,3.614360929
36676,18.22975159
238207,2.340026975
167523,4.057197332
107678,1.604875922
220827,6.309916258
225955,1.64438653
176823,0.431441084
199965,15.07386637
188849,3.190009356
140623,6.93187356
44978,8.357595682
113108,6.7828722
82984,0.309714228
191750,1.895140767
241322,1.716608167
188036,2.956923604
1108,5.201306105
29177,4.454102993
170284,2.690320373
243956,1.164033204
281049,16.33765507
226548,0.169848204
202700,7.717770338
277890,1.804402053
127010,25.93315315
44074,26.50277328
263959,0.073966986
45818,2.744193792
124445,1.875832379
98376,0.464620639
168475,5.04150033
227452,2.632128537
39913,2.95561707
114021,11.80729818
95403,0.250476032
243081,0.00336752
74668,1.185319066
259177,0.392213304
139134,1.458804011
46491,2.060206175
219406,5.67251277
50783,1.110938787
197884,0.977350265
124440,0.226776766
188727,3.89790988
200667,6.865741491
97465,86.96688843
209027,1.983801246
163266,22.43194103
23070,1.457952797
177818,3.586837292
202868,0.6463072
53769,9.674861431
174675,2.745123863
136631,3.019506454
5983,14.51445246
254165,0.027495597
240499,4.3369627
33978,3.60292697
278932,3.188378692
271629,0.972087264
222325,4.408520222
75076,3.792178512
71163,3.447371781
210757,10.06547689
217508,0.725566328
32424,1.263524905
19227,0.483117193
54808,2.596247911
196515,1.405581951
115627,0.593934551
48932,3.564490795
38202,0.803688079
167499,3.321304679
250324,18.61752415
9367,2.165984273
278170,3.3733325
154262,7.156111002
23600,6.772631407
196921,8.471029758
92757,2.695397615
260175,1.566573739
231400,25.01900578
69500,17.31018925
242164,2.720523119
211041,1.713335335
11316,10.67440605
64715,7.415964842
53125,0.64755559
103105,1.160672098
231412,0.727368444
52069,2.636777043
35763,0.094687955
114244,7.230476379
201309,1.637080312
42572,2.359869719
7169,2.840202808
60412,9.379952431
168951,4.790667415
153891,4.772472382
18588,3.111350775
131930,4.413239956
175444,1.798129916
101212,1.283605278
81801,1.938436389
164373,3.588716269
202936,7.031090498
217500,0.182778668
68976,0.339729056
201759,2.682843089
39681,12.01504326
174112,4.855475903
67281,0.637444586
122299,0.484721899
132568,12.78376627
103147,0.630825952
117946,0.117033329
23457,5.80849123
181011,0.611405969
283780,4.237584829
50592,0.86448285
73173,5.809429407
118084,0.396579351
198624,0.198215194
278039,10.05231524
179708,1.546476305
121118,6.680711508
209417,6.263471603
224473,3.64101398
48613,1.664263904
100827,0.08607566
10738,6.812550068
23191,2.682381034
202829,1.187588722
235915,0.329895064
135253,0.782784894
184278,13.06366205
169157,4.838862419
38085,7.150975704
281141,5.760509968
239692,1.101229191
147154,2.020271599
233790,4.234545946
100838,2.243494868
145989,3.515902758
232771,9.754210949
238466,3.589770079
22622,27.9988575
74293,17.94238377
222933,0.987873226
253976,2.667906284
40182,5.30445385
245001,6.247552872
246414,4.237560749
14956,6.470603943
82361,0.36507831
116841,2.360826075
140847,1.305853516
33039,3.228573382
56908,1.793987513
178009,0.139743622
87047,9.573340893
55282,0.292932255
149726,15.83522606
278163,0.340451092
254571,7.171013117
175287,1.936301589
2151,2.674326777
246091,3.147448063
46591,43.19721508
240722,3.376644373
178327,2.661195278
260504,3.766604066
232386,9.337582111
140079,5.454709291
187551,29.69469929
235751,8.238176346
182512,0.076849516
225633,37.87761497
148344,1.146941423
154644,9.145262241
223266,0.655017704
120079,0.495852113
144628,1.263216734
225333,1.73728168
171558,5.790606499
42853,8.223026276
26752,4.708002806
260555,2.100111127
172301,0.900979042
96600,3.889744878
207161,9.381480694
19184,267.8276253
241011,2.785256267
14328,1.032862335
200414,4.443940878
207214,1.261487424
148277,0.478731006
230453,6.428796053
23634,0.16659141
176198,0.917419791
39439,18.54327488
31978,4.971535444
78679,7.415134907
136808,16.00423765
162174,0.330944248
241568,10.34102297
240660,18.14814091
236994,16.8567543
27958,1.365206391
243188,0.604552627
180678,6.56619215
213770,6.219053268
81403,0.046806739
15713,3.53736949
108191,4.400403261
262793,0.059517524
82948,3.325529933
42761,2.029218376
272563,3.218360186
86447,9.791975498
262277,1.946048617
98897,0.769260809
187330,1.49E-06
88054,13.15324736
203219,1.445223868
272042,3.117688954
109316,1.478361279
31172,3.074682713
56722,8.50186491
145179,10.97994709
187795,5.999028206
85328,9.905479431
282090,4.795463085
240038,1.796206713
250455,5.034250736
213113,0.037295548
120826,1.695387125
237819,1.852209806
42621,1.283077717
3115,2.928547025
133839,0.898535699
159512,3.433178782
40309,39.33424568
28479,0.114087624
200613,17.27655649
269180,1.108772397
40173,14.22845125
252717,5.415020704
267987,1.103885144
8632,4.121145487
141172,5.667296886
201864,0.254708797
213942,5.288401365
135235,3.808693528
192432,1.383828998
265904,1.096252203
146822,3.305133104
197234,1.448219508
53879,2.049083889
44612,10.83742476
242360,8.757894516
95444,8.838770866
71161,13.96793652
283735,1.535027385
254208,1.695580721
83663,4.713335752
139120,1.457071602
193201,7.883553267
94568,0.860153943
101461,4.400419712
800,0.98992461
263891,1.106027052
100679,0.200135116
96340,1.550921381
267557,1.265868366
242528,3.578436852
156977,0.069554697
17777,6.184716225
10981,1.670472085
164664,2.958730102
73031,0.792525154
237478,0.074106326
102544,9.453000069
26583,1.293253303
13904,10.09713984
54623,1.329243183
205310,1.25620544
256956,3.600563765
10529,3.87110877
48560,11.3089366
106970,1.559371352
264140,3.607804894
48499,13.62640667
98882,0.97773093
22021,5.627557158
94117,0.661132932
125817,6.894510508
135497,3.904140472
199584,2.703839302
220138,5.502435446
95757,21.96988106
224980,2.44419086
235773,0.590961682
72500,0.435807478
111457,2.308299065
255465,4.272565842
119067,0.768731564
37243,0.594525207
212463,1.211944193
231110,110.7813238
228938,3.950582504
138687,5.269036174
77125,3.982348084
72800,3.225577354
150514,33.05838648
159130,2.787899375
71380,2.536689043
12265,2.431239486
55140,0.493167426
130502,4.077588677
261246,0.800676465
179856,9.601870537
138959,0.214172536
17467,0.990803957
26044,6.206297159
32205,10.46598625
126917,2.573354959
153072,4.621464849
205795,15.75719357
175853,1.030799113
178951,2.389098048
165111,0.02972707
271398,0.589169279
281081,6.104894161
253300,0.48675105
56086,3.064892769
249529,6.216219664
24827,0.776362419
23053,19.93739223
72493,10.19085789
120884,3.877098441
56532,0.162097375
241464,2.516682625
102113,1.00201714
230580,9.05957365
237334,1.40127331
169683,0.97090745
213133,4.626773834
137665,4.454842806
169124,1.404459953
115238,2.184110761
244112,9.74699831
110006,3.184314013
98814,2.087170184
205148,2.023616612
36474,1.440396369
57839,1.388503745
262954,0.04476204
111431,0.752022654
247587,13.37968445
96844,0.623217285
197199,2.112412214
32586,3.28553468
39143,2.546870232
119003,2.314071178
115737,3.540054202
98362,9.203629971
60736,4.999406338
45844,1.859651804
192304,4.532637596
85088,3.045470476
145276,0.015512905
153996,1.491279397
250203,2.494283795
71456,4.510048151
142413,24.06826878
270635,1.129695058
121350,1.041833729
123462,0.891189396
13384,3.385789275
186899,1.448446751
168523,1.016939372
103123,0.013859472
167659,0.01672072
195514,0.014162729
262238,4.512611866
241032,5.395457506
231003,10.86205292
28412,9.671125889
279243,1.241427898
199350,2.79656446
77880,4.955806732
223317,10.33683872
257910,5.817116022
161646,1.809703588
40677,1.292204218
225019,8.519524574
215257,0.334324243
134069,4.302180052
196752,3.929450989
125045,2.03305757
72715,1.756813228
130911,4.115592122
23510,2.732016921
212807,0.733239055
114804,44.58340263
13745,1.346962512
85382,8.05518055
209026,4.506042302
238592,1.677281469
155674,8.018629551
1410,5.656172156
49132,1.276034296
158858,6.357044935
149313,2.386612654
171796,4.776856184
235686,6.095805168
137935,6.105477095
26330,2.864487052
190167,0.217701126
126367,0.87709704
282154,0.317195527
100582,1.506296039
103198,2.106572628
234632,15.33965015
38866,1.983237386
78376,1.295915961
154728,11.37248802
227762,6.302863598
204391,13.28873539
95980,1.325152844
93731,1.782877684
53081,0.598711044
271843,2.101360559
50853,5.569591999
34410,16.43137932
78877,1.531121075
150864,6.657495737
35926,0.95858568
174661,2.293444872
65312,5.983762264
94680,0.876682177
186681,17.11435413
151921,2.247783422
49261,1.864454329
253331,2.826142788
240320,0.311175447
160551,1.654534886
281156,3.782774806
179339,1.893797636
159717,0.112676043
47599,4.256989717
251607,1.585524142
234263,7.719722271
89103,3.615255952
43148,6.910970449
178608,10.01187539
72095,1.918044746
14500,1.638960361
58143,1.393897295
237362,2.117140293
147200,0.954448521
82296,37.38113976
117827,0.488297552
194667,1.764465213
214086,1.422091305
42574,2.961211562
89151,47.56123543
20747,0.256200802
131251,6.932984114
264476,4.079665422
138394,8.052662849
55245,3.664037228
248695,3.15286839
271951,2.021725357
217659,4.091509581
269234,1.117015958
207231,13.15650749
68050,6.643095493
274437,0.283843551
119184,2.018199027
271078,3.699953198
71202,15.42012215
117514,1.792564929
37470,7.762074709
143721,2.881447434
200683,1.208695412
211970,19.04631901
98847,3.147622705
103857,5.145038128
96932,1.433957815
205410,5.589298487
123289,1.270447969
224784,3.998379469
204088,5.921863317
150184,7.099216461
142862,5.068279982
227071,4.545860171
52065,5.21941185
44566,0.332298636
181846,4.173821568
267226,3.19231689
85181,4.416192293
118437,2.488112092
97186,1.688430607
253397,1.217867196
274792,3.124545097
230717,7.158996105
97988,1.472903192
206740,0.071587035
155314,21.26112747
248640,1.031727523
245223,1.301532686
278533,4.617025256
201325,1.04825145
32195,1.025399566
56015,1.026862651
5032,21.28446913
65056,2.802861214
138664,8.724426746
113130,12.12818289
114360,0.626674354
10387,1.818513393
125667,0.549258098
175136,7.864128351
119754,11.0027132
171997,1.801667035
187869,4.541895866
117803,10.8232069
146238,5.299151897
186624,0.10028623
111173,1.183534354
158150,3.955743432
90552,60.55640221
251677,1.914431334
30658,8.129050016
253751,23.10542774
154360,14.4668355
220635,1.73136276
178037,6.579612494
8390,11.86698103
54148,3.955483317
109446,5.807836294
282002,1.637005091
52059,1.637028992
88723,11.91324711
261036,10.99351263
128360,4.549093008
54209,0.258539855
242480,3.151324153
84685,1.451445162
152549,13.18047047
4185,0.012049923
240427,1.504980332
72859,5.425949812
96232,4.321033478
83275,2.333795547
167978,3.415956616
24763,6.580209017
194453,0.334310653
266530,1.413390398
235638,1.838104993
181209,0.227538481
86531,1.86790216
136459,1.253116488
56569,6.105186939
250922,5.070743561
121797,1.044253767
42855,11.48835993
195421,2.481220245
204578,0.873031706
110141,3.823014617
95420,3.916887522
16783,22.16480923
199323,1.553054392
39561,1.749080539
156580,8.027071714
277705,0.98186484
69891,6.170469284
44218,5.132901192
121292,0.166279323
180708,4.27661705
26814,0.68041008
47916,3.412453651
87163,28.02740002
103934,7.637753487
89739,3.230718136
180209,8.798802376
223702,3.566071987
54429,7.786747456
3060,0.633840412
270213,1.416445494
136343,7.748984814
16497,2.732850254
215198,8.636858463
237522,5.369612217
87903,0.210401729
61237,0.00368809
130891,1.64607501
264012,12.07487774
85494,2.127903104
252259,1.433027497
147221,1.458252311
170915,6.166292667
213083,2.719110847
98219,7.494407654
243249,3.943735719
260583,0.828272551
78956,3.47529912
200694,4.052903175
113746,0.764168233
27191,4.325023651
280514,4.800091982
143524,2.198087931
49610,29.5626955
7130,2.571221769
38047,1.015333712
224091,1.960337877
3417,3.766178966
85809,7.009095907
165991,8.999773026
29296,2.483840227
266056,4.554956794
255213,12.96771193
270229,0.329786163
164889,7.534022093
224185,1.680048883
72518,0.382093024
108183,0.193666667
25888,0.959636092
36836,0.765350714
251021,2.923970103
238724,3.934510708
93921,0.007174906
139284,1.361937344
241524,0.071282625
282595,1.873915434
26456,0.102616675
81438,6.409221649
148113,6.122496605
13153,0.042583604
67498,9.918284416
164716,8.449197769
282453,7.635754585
130267,0.963515759
193809,9.251500607
79033,18.27674389
263730,2.103134751
145882,11.44628811
271929,0.800329864
37449,4.66225028
177382,4.56361407
171888,10.73777199
203345,5.787991285
222380,2.401677012
124799,4.001360893
104023,10.8345294
118504,0.310093246
202315,1.997836113
62723,0.628557585
256034,2.438625872
78133,4.764506817
101779,1.701052129
117622,6.066811562
225743,0.027655449
153011,27.05391788
4082,0.031459955
55781,14.33416986
143366,2.547687531
268989,0.550253794
205104,2.03328526
142337,48.10554695
8724,5.112161636
182585,1.637240589
278486,0.272019044
137098,0.302026942
241589,9.96187067
277790,17.62699175
86847,0.732326865
280726,5.357308626
96476,0.829804093
142300,1.231012225
15105,2.039656997
239392,0.641454548
118575,1.292262435
16479,4.842777729
81603,1.979779005
261724,6.89206481
93215,2.023691118
93475,4.68723917
83490,2.125894725
95584,31.7165308
68182,2.542713523
97627,2.012763321
277572,0.104241937
82796,10.70872569
27736,2.451246858
23767,5.483187973
144488,5.33596611
83021,1.217459798
65274,2.278289855
172589,1.312794566
126237,3.313418865
93399,0.433179677
35742,7.522750616
113726,0.921673208
15332,2.679628611
75690,3.425342083
52399,55.08769035
217851,1.181482732
117218,0.454773005
266433,0.217621148
203797,3.048148632
94147,0.366079666
17190,0.344061829
276062,40.42449951
66529,2.869816542
210753,11.95496273
49058,29.4891243
97841,2.798641324
158238,5.12352252
117067,0.526643142
146299,2.166131973
34303,4.836073399
61137,2.506334007
174867,2.181638837
185827,2.885148048
7469,12.0013566
121939,3.096449375
257846,18.42899609
143709,9.116859913
250883,7.683403492
80566,1.35001123
150278,0.230982997
149041,2.298593819
194670,5.201315641
266224,4.990195036
283846,3.726131678
200744,0.088664055
79872,1.257507682
29006,31.10139847
95262,0.54689892
22599,1.906888366
164416,5.099478006
244282,2.313386917
41721,3.016948462
73534,1.538720548
64689,11.86126232
129464,0.235197738
51964,7.071156979
19123,2.985992551
71980,1.146196187
84736,3.12270236
153401,16.7184267
110969,47.61861229
16057,3.156084418
204806,4.293945313
46521,2.768303663
53823,4.796688557
98484,11.72536802
223841,16.79144239
258986,9.830446243
187717,11.59687138
116460,0.017131623
133984,0.837969959
58087,1.046419442
10161,5.55322504
190957,0.534654379
262665,20.60774708
124885,2.082323909
283602,1.9184407
31841,0.110219449
121620,2.405109763
177131,10.74291253
7614,17.37005615
4757,15.37854322
203510,1.988417864
183884,2.085878491
187446,1.023724914
246696,2.947931051
30253,3.819879174
207022,2.256940842
231520,11.16990805
159856,0.422045767
82957,7.105788708
124493,2.332648218
229193,5.73977828
163472,0.053216916
134664,4.088207006
103127,3.616997957
8893,7.32494235
63725,3.195524454
269343,2.359356999
137253,1.542982161
135234,2.808551908
281899,1.187002927
7550,3.592223644
195190,1.400902271
156792,14.09005928
190039,0.219138004
259056,1.194901586
156967,0.701892227
269262,8.581149101
90674,0.141141665
270301,6.959606886
123175,1.068630844
253044,8.642431021
248373,12.58122921
253465,7.652030945
175622,2.005531132
85225,1.376524091
103324,10.77067232
20537,2.892510414
59865,1.540302664
283068,0.209634647
111850,2.129023552
232992,5.908099174
163719,1.104822695
172659,6.603670359
212345,4.653639555
199736,6.801499844
127058,1.373532593
18668,0.59330678
197185,0.915448129
52308,11.00420237
261905,1.321029774
120613,5.955858469
70418,0.856937245
282804,14.08240986
121182,4.867374659
234957,0.151483759
6905,4.047204971
221759,2.744369268
191227,1.336313397
58071,2.621569037
21509,7.261289597
119909,0.086483028
141344,1.352085292
142113,0.452891424
105885,7.444555283
232394,1.047087669
89075,1.764525175
1256,5.467213154
91345,20.92245197
61996,6.315790653
126836,1.061150908
153470,19.77177525
87198,6.151628971
58137,11.89767742
167908,4.733908415
267147,6.728691578
238293,1.332625151
82692,14.47091293
280402,1.175020635
253920,3.223659396
101979,3.017449498
9723,2.203941822
196580,1.072779655
219868,6.398039103
92190,7.755398512
260182,1.673378706
162647,0.930279672
69357,57.5188961
149241,18.10904074
31632,1.205693483
124789,5.014324903
156701,4.71190238
221065,2.021065056
47327,11.01780081
220882,3.636518002
123002,4.540400505
265838,7.102676868
100637,1.900477648
85836,12.82323074
41253,1.555055678
139241,12.35052633
196145,0.107669
91314,4.460490465
84206,0.158762112
104578,6.674210787
191169,5.169689417
72585,1.205816194
234897,2.991903663
200193,5.894403458
248509,8.409680843
26595,0.745054051
63398,6.438641787
35453,5.265172243
30802,356.2646332
34710,7.895698547
243447,4.381288767
204741,5.094732046
267376,0.3416242
77148,6.409838915
119499,1.673457265
273641,3.005994439
153862,11.3079586
101812,3.70825398
194207,1.812777638
76164,2.331568033
32574,0.851326935
112976,9.197445393
19787,0.249448091
207905,0.470591071
53317,7.345020533
135591,0.681936979
164135,1.388143837
11336,24.81653214
167077,0.951106548
137449,5.266207457
28956,0.839503944
36302,2.206737995
28851,1.663070261
244725,0.913405567
185220,512.9149628
177982,25.49356461
99779,4.668348551
4526,18.33924198
205598,3.291353106
282884,21.90761137
252538,3.717000484
76867,8.555127144
94103,1.001502872
56741,2.11342752
122058,2.917608023
249030,4.703087926
227826,0.942339212
231981,3.337293744
90104,9.138335705
225923,13.66151857
40192,1.713764668
84108,17.56758976
157712,0.029501977
248135,0.145256478
210610,1.917820334
128868,4.811792016
23926,4.047661066
217550,33.31983376
159843,1.461742103
22985,12.06049061
108906,8.167844772
281426,27.26878452
112793,0.713330835
112998,13.70215845
2855,1.122094078
13836,2.985716939
15785,5.700217247
249364,18.65970707
239845,0.315965148
65591,17.47364235
85933,2.018350124
268460,2.609376788
223268,11.78977919
177130,4.98418045
55834,0.619933575
209146,8.02029109
248468,4.465676069
203340,1.644961715
273535,1.989109635
209941,3.355866194
105608,10.82903719
19869,0.36644869
97878,17.91075802
89062,10.68892479
150086,6.029935837
192737,1.835609518
5851,6.190771341
269791,8.426142812
190278,3.354231834
134670,0.434608735
86358,0.442778945
228544,13.59772825
53203,1.073343903
63816,3.067435682
257727,1.993065476
42373,4.600393414
282949,4.295261383
5862,16.16843478
83264,4.55901444
213433,1.560612321
249080,2.296965718
188804,3.776160955
269468,1.402970225
216577,2.774309993
44386,3.445996881
239927,17.84674931
208259,3.120431542
106258,3.114044547
219136,1.767585278
127072,9.983876228
270335,2.792073727
36592,2.236750245
167205,8.574491501
176574,11.45529413
148469,7.20798707
227147,0.638464779
187100,10.43027544
19418,3.888095856
52764,0.86335659
203341,2.696443081
47631,3.62849772
156859,2.787741423
119154,2.486841202
237951,0.076875038
46984,4.126571655
100076,1.31133014
191960,0.004093741
129337,57.6918354
89425,0.255260758
193918,1.991867781
257157,1.283156455
203666,6.085058689
132097,4.91835928
195897,1.545435905
138207,4.028868914
222442,1.609214246
245660,3.566076398
151833,2.875341892
226991,1.763577148
216728,0.783156604
58571,0.924735069
27524,1.759816408
73075,6.772013664
278157,8.574602127
159016,3.035203218
241640,5.808863163
49336,0.337989807
177003,5.287670612
160267,57.9365139
152503,1.988560557
28748,1.787169337
167078,6.647529364
287,1.85823065
203874,0.584437907
3068,1.43767643
178707,2.8136729
156869,34.44495106
187256,6.998444796
93535,0.46142159
253369,1.172308087
158623,6.751236677
6892,17.73669434
254301,2.351661801
139655,2.201395869
117111,3.040441155
27406,3.576969862
224028,9.434929848
156454,14.21376181
282670,0.660527229
113265,0.650944233
25772,5.079564452
166374,7.170800209
73629,7.97633791
156870,0.547586121
107723,1.851490617
150037,9.116577148
263843,11.389112
82969,0.339225203
94999,25.27528286
39150,20.0006094
33378,0.232140575
135482,1.832768232
212405,0.681563556
54361,1.31970948
49631,7.547686577
252003,1.701658964
272250,6.838145494
249936,1.038097858
200119,0.524665624
225449,0.071176354
210807,0.664319783
244012,2.595294356
136509,1.528781831
198209,3.899269462
240179,1.046687186
58186,44.56788445
43663,8.628355742
201296,23.58855057
8166,2.336373091
274747,0.681116015
247711,2.747101665
108052,0.682920933
144057,7.899135351
98926,0.744257987
181838,4.317534208
77954,4.355990171
140759,1.345194042
109165,1.028138846
244252,3.63290298
204231,1.586507142
14893,2.467849016
221373,6.221682787
9667,0.692416221
76399,1.070024729
232092,9.841785908
78623,3.177252889
13892,1.905740142
259100,14.38444567
238985,23.99780178
164423,9.120769978
203818,4.922755957
237986,0.597224802
248494,2.391007066
101403,1.680574536
64227,11.23120213
218151,0.17647063
196569,3.766815662
123041,0.334316555
253263,1.559680223
243618,1.966829956
160664,0
49007,5.192781925
43420,5.03989625
174084,4.336553931
223698,6.976859331
69655,1.749808192
279157,20.22507858
168982,8.511724949
53389,8.360855579
38219,2.011127949
14833,1.361596167
40835,4.737878323
283988,0.009282183
137788,1.038237631
165204,0.131071068
277781,9.551696777
57153,2.151402712
125033,1.502329588
238801,3.784819365
238915,14.91324806
271126,30.29647255
18778,1.113447487
150135,14.16139364
157643,4.363919854
60638,56.48285866
45695,0.810821563
87669,5.907751441
173496,5.737703562
103687,5.19981885
74303,3.836574435
215005,5.120941639
33889,0.102910802
36068,2.960730553
174945,33.81483269
165395,2.200649858
40001,3.567310214
97830,1.20506233
154665,2.405977607
193326,10.54583979
235954,0.548222095
133580,2.972120762
122286,3.353847742
127666,3.797935486
161978,15.72685814
97974,1.024600208
232680,2.908752322
215662,2.758136868
49341,1.924507022
146785,24.01740932
111967,10.70275402
205979,20.08478451
188935,5.887860537
166225,2.709313273
64317,0.908294171
20151,5.315584183
249005,0.731185615
47576,0.079917133
117775,8.244047165
242094,3.16724658
142427,12.27075386
270770,5.675578356
269573,0.857439369
23160,2.743551612
188474,6.966334343
106064,5.998690844
109368,2.060662627
3748,0.94960615
239824,17.71638203
160711,1.043602854
61873,0.936189324
254763,36.39894867
272019,4.676074028
177058,0.088684114
131510,4.27584815
250952,1.726662219
69842,1.76246798
206544,6.807039499
43208,4.525173187
4488,12.7016077
125283,21.74710178
103158,3.86438179
86485,1.075792253
200568,0.052863343
195794,1.289297923
27479,3.920483947
56320,0.207584262
192559,14.98570395
275252,1.542418897
222321,2.835086942
280448,13.03770161
86607,6.593514442
103431,4.523445845
255387,11.66125822
81953,3.227997661
281960,18.34758949
135165,5.049991131
266107,2.466747165
187188,1.109060645
208470,7.179567337
70213,0.512662381
116144,0.744616628
50182,6.370712042
143521,7.086012363
23142,1.224550605
79157,0.997027829
15295,2.209531903
16886,1.453511775
231953,2.029909432
210480,10.69640183
231790,0.419967871
137434,11.05927086
89517,1.277957261
163089,5.323711634
235931,1.584957719
372,0.25028
273259,2.47391361
229053,1.833328366
1129,6.864262342
194718,14.06211662
16580,0.034253891
88746,0.872591823
89525,0.299835276
148289,4.345792532
64575,3.955976009
141525,0.885463178
120352,1.662109852
226657,4.672846317
155015,15.38585091
96612,1.148393929
79204,2.375431895
25116,0.459563859
164611,2.861929655
178226,2.854733109
32780,17.33444691
276789,4.540449142
244350,7.379800558
70412,11.20143223
214866,0.04869633
88350,1.326585352
171303,2.438184142
104377,10.83257818
134856,4.378153086
29257,3.731722385
250236,10.04959679
261167,8.863992214
512,0.608386949
158461,7.206573725
205308,5.20788455
253550,3.137260079
13319,8.447888613
188208,3.177819252
85869,10.50667429
221598,2.118344903
150470,9.226360798
184898,3.206026554
110896,1.977245748
42012,8.393657207
250097,0.738106608
200593,4.338061571
81229,1.171426266
143687,36.26654434
62447,32.88427925
150800,2.512886465
131623,9.486750603
262234,3.291643143
262103,3.350627303
190081,1.938150287
43032,0.92451939
68218,1.310239971
234449,3.863817573
40837,2.28794682
92646,1.309816122
273300,4.643978119
137461,20.77960682
11841,6.642874718
238298,4.637247086
188043,1.828320324
273431,3.831877232
49649,0.285083547
143833,1.176063061
204965,1.421869993
59588,2.18428278
45962,3.163595676
160997,0.221692644
27195,1.494864523
64383,0.14176036
59527,1.088732183
281845,1.224414349
116663,0.402798742
80701,4.248706222
201102,4.405762434
2196,3.873190641
239,9.08465004
134775,17.16081619
110846,0.728472665
268135,2.186770201
242342,4.569575965
254115,2.32060957
160112,0.589865178
129605,4.047511935
253153,0.986582279
168056,3.884280443
165534,9.097277641
189057,3.14131391
235331,5.894869328
136006,1.727275491
226289,78.57918167
65113,5.055087805
36051,2.055397272
134148,0.387395874
67706,1.918280482
208770,10.66630268
245491,7.032915831
8954,21.55247498
226351,3.774693727
246938,3.416641116
120578,0.438175753
60541,1.540639043
134804,28.9387207
219993,0.10279201
263935,5.267849922
207729,0.327440046
178219,5.653107643
34185,8.413444996
138463,22.54711342
272582,0.322788738
186869,2.259417713
248567,5.173975229
29507,0.003662276
32995,4.206836581
187257,2.268489599
188094,9.788687229
231876,0.407225311
150607,10.40018082
209651,1.201448381
70930,4.128783464
152949,6.44511342
240152,9.636995792
252123,3.320090413
24238,5.946480036
52457,0.543984665
28716,3.386114359
57773,1.01776427
239799,2.145767689
60320,1.228400111
13873,14.79293585
196966,9.614639759
89508,0.284869321
166628,0.931391976
164192,5.023864269
233590,1.744235277
104571,2.400637388
227590,1.974568546
130380,4.573842764
133043,2.526740193
180290,9.029788017
67949,9.217217445
150774,10.13424492
110223,3.998296618
105731,2.456618786
70578,0.355124608
20700,2.314305902
96550,2.664616704
36438,22.59346835
98372,2.381383836
267699,3.765689135
97989,1.069464326
101358,0.801860929
174847,1.025701225
173903,3.444525838
182901,34.19021416
269500,1.654914141
13336,10.77719975
170523,0.027499252
88836,0.336658418
120944,2.026122808
33437,2.047539353
125412,9.633264542
73854,9.716130257
34713,3.015549421
65689,1.593720198
68963,1.093615413
134637,1.941164434
196124,9.632341862
92133,2.997420073
9886,11.62163258
14992,0.777002692
31264,0.667987719
269147,0.114008691
189885,0.098499216
228374,1.119806409
62382,1.090001225
49187,7.559402466
238141,0.040670667
119380,4.126519203
230920,4.839484692
5304,5.353081942
4089,4.293970227
154324,9.720770359
152072,2.175473213
147744,0.460577995
115540,0.623093113
73557,0.809599757
169878,2.183528781
238659,0.032701049
213558,32.66823578
204528,21.58586597
283043,3.916308522
130540,1.699616194
182935,2.33644541
235845,5.94115901
193701,3.073875666
71689,5.094158649
28213,11.12189198
179827,6.344234824
96593,0.715365589
231164,2.087011456
219396,3.8814888
163898,0.036341248
15655,0.404634044
143431,10.28195763
61733,3.815437675
169598,5.417387247
76864,3.308776259
206613,4.716731071
98450,8.072580338
225676,4.196612358
140477,0.667174906
35061,14.31069326
1585,2.636475086
258078,2.496319532
180609,1.715846241
90804,0.596809447
228633,2.101578593
75063,10.13247538
79208,2.582830667
269481,0.690349728
131456,0.970420949
219934,0.727720261
40639,7.002974272
5005,2.598658085
218139,1.225651622
125516,7.319820404
174044,0.272005983
141520,6.034382105
94379,1.533538759
215936,1.653814286
2267,3.022376895
226432,2.80599606
158437,27.21599483
260925,8.338989735
39197,9.319705009
280082,4.565647125
274467,3.58916688
252227,0.671059579
194094,8.997859955
187168,1.902174056
231865,2.921135783
161559,5.483870983
173720,4.427894115
98715,3.570184588
138411,1.91830045
232687,4.678725004
254200,0.79575178
99434,18.14115715
233876,4.842704058
265447,10.93221426
263232,2.976052642
75882,1.04557544
66065,0.027408203
217636,0.527262241
11888,11.30139685
156955,8.698614359
231919,8.890909195
283609,0.017175011
66213,0.099328364
234046,0.740307808
69762,14.64770269
213485,5.266787767
70531,4.545411825
254377,1.017023683
21906,4.304314613
104875,43.82115428
58565,1.117053449
16679,4.439873219
8686,2.255081534
17645,19.57201576
138033,0.874045193
126518,0.515644178
251666,9.085952282
257096,1.187875509
239629,2.751744986
73300,5.233982563
222240,3.382409811
44430,3.307444811
73227,3.555833101
259648,20.26947308
280976,0.092998767
237889,0.074418325
283147,7.388380289
168682,4.825347185
33447,3.180556774
169510,1.878660738
195820,12.13374186
24187,1.448505998
259502,0.537080079
156857,3.101340652
94243,7.564274311
6102,9.476914883
146849,9.693840027
191966,6.563138008
280410,3.69907248
150128,3.754174471
99525,6.255240917
97859,5.853194237
17350,2.701408982
41778,12.03956795
48791,23.15853024
222429,0.034768638
151111,2.616480827
210579,6.663383484
37854,3.08597672
238480,1.009386271
162103,9.212968349
234803,6.29695797
86518,21.35319614
146714,11.14456463
96501,1.866556227
100776,3.009484172
273490,3.662233829
264216,3.351969719
207252,2.8769418
106198,2.668518543
32488,3.030275345
258523,0.994880766
227657,2.562327862
115316,10.29824352
65459,1.927795947
279316,3.942043066
183567,1.826287866
282436,0.136670679
194246,14.49561262
205119,9.390360832
40593,18.95387077
132971,8.609881163
232140,0.96039176
102271,14.15398502
180207,4.062399983
271198,1.15515732
231052,1.479127705
10570,0.036321305
274749,3.969146252
34026,13.54269934
85586,3.96554184
24360,2.001624227
39666,3.767136455
47179,1.322422743
87087,4.467340231
22706,6.430753469
34861,1.11874032
193159,0.007389718
279003,0.074840917
196800,14.32400417
208277,4.042406797
101541,3.173756599
213232,12.34811306
168705,1.779561244
37621,1.901331544
254857,3.359814405
116427,0.034307394
49481,0.029217863
1544,1.812895775
193699,4.607549906
248443,0.004053198
192395,2.412886381
261002,4.453253508
110469,34.28863525
277676,3.808065891
26266,4.941176891
64622,0.711903494
244269,1.340955079
237943,0.075558305
94822,3.874918103
143881,3.651859641
181318,5.877200723
199768,0.023854774
32444,1.853842199
47536,12.58463621
92843,4.640763998
16381,5.189665794
227246,1.475364327
157749,2.80491519
244866,1167.19519
118022,0.472143829
168606,2.962829471
258099,6.387009144
107119,4.43763423
236778,3.775694013
95395,2.728973031
195342,7.639073372
280241,9.655760765
284538,9.370699883
268489,0.785992891
66546,5.412159443
1200,2.68461597
262746,4.398867488
259016,2.302883625
284013,7.74723649
209377,8.701854706
177686,3.117112279
251922,14.45998144
267730,0.844150759
57301,4.00279367
103619,3.177305818
18492,2.429847717
28000,0.013772887
45729,3.148156643
64825,4.204325199
126726,0.291884094
98308,2.325319171
30327,7.170757055
112679,2.598121285
39521,3.539886594
225719,0.090272661
215617,0.108690713
278704,9.269706964
71795,13.10206461
227933,6.680000544
278420,7.573010683
92565,5.584783077
149446,9.496471882
206711,7.117322922
199834,12.37009954
124313,2.668608844
74099,1.188412905
66795,2.68726325
87545,3.348704219
9977,16.14693451
156947,8.335182428
55119,28.25632763
197051,7.065531015
114756,1.171209157
37683,2.496448159
249446,0.125791438
133691,5.154631972
274449,1.312709272
227388,4.852087021
147852,10.60201359
210933,2.260215104
269152,6.861274719
271678,0.013911745
131343,1.253895998
132094,2.922721267
64512,2.465823889
29015,0.762156241
263489,7.160237551
104791,1.652659118
256145,2.037511379
77875,2.762088895
84965,7.023493767
214667,1.412127912
281470,0.906834006
249430,2.810459077
107252,4.422795057
20770,2.292338312
265524,4.426291347
151427,40.4052906
52656,0.451596111
273676,5.248750687
279004,9.565747261
80842,0.196162514
169153,1.660054982
140296,1.679506361
176471,3.85E-06
221107,7.450803518
259118,4.578886032
234370,4.029341698
259873,9.488382339
62030,2.090745211
142039,3.733341575
3422,5.690542936
239214,5.770575523
437,1.674647748
24099,0.271598313
284711,1.150283277
2391,0.879878372
6089,11.75018263
263151,5.122211218
81124,1.38901937
79792,2.68564868
194030,1.500329554
125255,0.782511286
179358,6.077778339
51606,2.286948681
156190,47.76087761
179742,18.28096485
27218,4.941115737
49891,0.191043211
98670,0.511033207
44056,3.484014273
195109,1.686091185
144763,2.593748569
169809,0.761718035
114988,0.963851333
237806,0.926245928
9748,9.472473145
37390,1.590400755
280400,3.751644611
227227,0.008278409
1831,25.37024212
123721,4.222411633
155262,0.408983201
186606,4.651793003
277655,2.679439902
110590,7.148469448
90213,0.003857346
96123,1.581680179
233529,24.77903175
222048,0.413492337
86563,2.318146765
255024,5.440438032
251841,0.076921663
157310,3.213654041
120364,20.6430397
158395,0.802944188
106044,3.818747401
161750,0.755513638
247985,13.25446177
268359,21.8619442
275474,2.012932576
181917,1.633543799
174221,5.637968302
140137,0.171256654
35326,1.246158123
878,2.468136311
225608,0.189770155
212842,4.214517832
144833,2.288643915
264218,0.183959723
146906,5.811917067
272438,5.183707237
227397,34.92389679
139551,3.300774693
230780,0.00687005
282840,1.358820975
214631,2.023773432
122135,18.29286909
268658,1.527848423
54913,0.048844179
138695,3.637669325
116814,16.53462744
51585,1.449012697
119266,11.2081604
18901,0.779170901
146843,4.546297193
279230,10.26900482
37898,1.31262362
36579,9.463237286
94203,2.186076164
140974,18.44193459
5556,15.82721329
31804,3.525544047
50827,0.254897356
1048,26.36876678
72574,1.969274759
20468,3.905881524
198553,4.11576581
1853,3.373051286
35826,3.107757807
199097,1.30391258
70342,1.070450336
132662,1.233981133
12548,21.60008526
208994,6.930694103
217405,6.464128733
152333,27.74905777
40336,1.808793724
13338,3.567304373
83555,12.56290197
189583,0.953041226
97672,3.775247931
168276,0.243664395
213875,6.797379017
42440,4.385930419
52882,6.72482729
169884,10.25221968
169768,1.068907738
20769,0.621776611
282821,6.992037535
133911,2.255554318
251294,1.204428539
43299,0.997457355
72132,1.021793723
6750,15.90539169
130055,1.175042033
105220,1.170716405
36286,2.190836668
206566,4.280050039
208247,26.21770287
275752,27.83558083
206085,2.201568246
260527,5.426937103
204242,3.422694325
130604,0.341733292
78540,1.434830606
27346,7.984592915
211470,10.91840315
100237,8.158710003
231350,6.869475842
142624,1.591393709
134364,2.689707875
259400,6.838802814
163812,0.586156845
128747,3.120685816
61979,2.283561587
165371,4.954666853
36320,1.344493538
253161,0.546332985
169422,8.433849335
199773,0.545094252
186407,11.01491261
197358,0.480548363
107603,17.92097855
210190,2.711688519
196729,7.806271553
173003,4.71765542
134448,6.066343307
161205,4.177745342
91313,9.864098072
284626,4.924498081
212576,8.082764626
272044,15.25934887
89872,4.995829344
284082,0.522607535
79002,78.08968163
189461,0.868985891
32818,5.587562799
185835,1.50498057
117766,1.657200456
28821,11.77258158
214612,93.92469025
41604,1.523958266
74855,0.266752492
162307,3.763094187
264999,30.1970377
152170,55.46607399
72247,1.298955023
229336,12.0326848
229023,2.553270638
68916,3.627825022
47767,0.798765391
51799,2.227751434
200306,3.906759381
57671,1.904426038
209454,1.251550704
139975,4.898105383
176746,0.904067039
179406,2.053998858
182083,12.49836922
206855,1.487302974
62557,9.703303814
152453,3.762619495
187747,0.756902635
111480,5.857966185
151896,8.137815356
175521,4.696813107
53652,11.19682074
103522,6.415866375
132691,0.848038718
275270,0.624756813
212426,11.08823824
237485,4.314252377
82598,0.595579833
197664,2.142596781
97206,2.292363405
260756,11.57601452
79244,0.334791631
218804,5.680936813
213483,0.734756231
74092,3.468070149
251457,1.396993145
255210,1.475066543
175953,6.857318878
205291,181.3013
276893,4.713037491
268819,8.876458645
146471,14.27487755
136710,38.17474365
88947,2.79845655
273822,10.1669836
60189,13.22221327
77919,1.35726589
86492,1.785901427
218202,1.810573757
155491,9.535048485
75029,36.20349121
48060,2.284935296
258665,9.652736664
193301,0.171819984
25700,0.117572714
265914,5.474680424
185449,0.078670535
283538,9.963989735
168266,0.78107357
34396,2.582423747
225672,0.004239372
245857,1.06536749
11248,7.272057295
266262,0.538502082
237218,3.303632736
162187,8.344606876
245431,5.67814374
42317,0.01376305
70140,9.440443516
64501,0.567126501
242225,2.873725891
71612,1.935870409
19000,11.6159029
35718,32.32487297
101041,1.34170872
196258,3.967852235
231322,3.449753881
219736,3.830566883
158466,4.062987804
107994,0.099496653
16900,4.436501741
226020,15.94297886
74062,5.501004457
36628,1.254412115
256652,17.73247528
259329,12.44147301
261844,799.746582
60344,6.221231937
111901,4.815136433
43631,1.473963499
153731,20.11273956
231724,4.894431114
257333,2.251729369
92472,1.994647324
86028,4.553542495
252122,8.955601692
43896,1.762431264
83932,4.938479185
142812,13.32250404
184135,0.924542055
75334,17.1658926
126432,1.208150029
81511,0.861495703
61625,0.692666963
107194,2.329181075
257062,0.120546788
109295,1.403680027
191735,14.46725941
193592,0.112453755
151765,3.878783584
88735,26.11445904
108090,1.808977425
39619,7.140151739
57074,2.860981703
98681,1.158690155
87823,0.229575355
80297,1.59781009
280947,3.436898947
266854,2.675255418
250166,0.118541442
64119,3.521770477
60747,0.281173693
95399,4.788209438
207426,1.035945475
278350,0.75101611
54342,7.465329885
256176,8.725943565
226131,4.773659945
216661,3.39193511
199214,5.173234224
105936,5.989223242
184780,19.64100647
129751,1.138586164
15634,3.822365642
13167,5.497796059
212290,7.882778645
87790,3.505563736
152385,4.912556648
159483,3.120201111
73798,0.558149531
126921,1.588254571
46360,2.448613167
266274,6.83818984
107569,13.92665815
181236,3.151001692
83961,7.585909605
202652,2.074785054
278014,5.576813936
1850,7.251612902
233687,6.783899784
53918,1.51663208
26223,3.752550006
163964,1.078850448
246294,7.920297146
202023,10.43621778
276120,1.943606555
211021,1.300039947
136977,0.803970814
217313,1.487648308
54501,3.079592705
233530,3.282901406
281025,2.327331424
127144,8.58304739
21391,7.866265297
203498,4.995710373
9236,1.190741539
145299,0.207348607
276201,1.050735921
209767,0.046586253
156377,0.150024161
46348,9.879436493
109258,2.290658534
99516,2.067881882
90583,1.59847784
10964,46.41996129
162873,9.678732872
227765,4.334528685
148168,6.368708611
175882,2.93E-06
246632,3.113326073
185239,1.521779358
112033,0.537352368
162865,0.116773881
79814,8.493509769
109890,4.984039068
56185,1.292078809
130029,11.32872295
155984,3.682560205
27068,0.924440444
223302,8.727348566
36604,1.203315377
118621,11.20452547
87883,7.588888168
132174,1.122503281
158599,5.120504618
85291,2.724578798
120732,15.9716363
176190,2.016962945
204336,23.00683689
269422,3.209076166
209517,3.749811172
97457,0.539444655
82096,2.002828658
88246,12.41530991
218232,11.0429287
222896,0.125782598
23581,33.30054855
113745,0.238358751
166777,6.864969492
152493,7.000922441
261371,0.555380076
322,2.445122004
156410,26.18318653
71164,1.49785924
283472,41.00425434
8285,4.027409077
218853,11.98935366
44003,0.96874471
207958,3.178035021
75268,7.545060635
75439,3.600472331
96752,1.256595612
55336,0.683417842
219889,8.98883152
158809,4.92423749
192080,4.052643895
175450,5.364449024
140453,57.97152138
24471,2.911862075
73371,0.149628423
214110,2.05319941
103993,2.406947196
237554,5.463630915
147541,0.047448112
139947,0.756779317
97356,1.295455053
140781,0.774507403
167115,3.53899169
195856,9.091160059
212955,1.258154631
90275,5.722442269
190196,1.053955883
120769,2.057418108
248454,2.561435938
181187,0.786575943
247331,0.413079632
15512,0.035416747
188103,10.97283792
255,3.983306885
68106,4.762882948
35864,2.434933066
176717,3.23308897
278129,4.840848446
67361,17.17404127
91493,3.793893456
99357,3.097944617
14731,2.159411788
31221,14.57783031
199185,3.929145932
93032,1.952176094
262199,4.541974068
279075,5.185625076
33750,0.403725073
97799,0.497523427
48859,1.131429791
259892,0.14223939
55576,2.434161067
111652,0.595405921
141582,1.041527212
275875,0.136378698
85850,2.229187846
103764,8.613592148
158929,7.19956398
238716,9.001095772
53763,2.287918448
175094,7.961641073
278521,2.036250949
82491,1.529144645
76174,8.352141857
210532,1.937860489
194324,10.1118207
242277,4.757121801
242205,0.617815286
93115,0.399944037
47716,0.77572611
275786,4.843916893
87248,0.886676848
204263,0.656260163
34353,18.80529737
151568,15.98492193
216649,2.519806266
187149,8.634783268
181138,8.81065011
150621,8.178047657
187753,2.839700818
243282,0.794089347
274181,15.70380402
30566,3.197078109
242229,4.38112402
95085,9.373212814
65765,1.237975299
173796,0.928830728
102650,4.008683205
173200,5.313765287
154055,1.137221277
128151,6.03954792
235725,27.03109932
128029,1.249030322
55616,9.808705807
280127,0.145061636
8743,16.17415524
27331,3.673713207
241721,7.818098307
221282,3.908452749
219399,7.174337387
158428,11.69863081
268183,7.504038334
165525,3.381090879
135893,7.298841476
18000,4.064071178
213436,4.705503225
48365,0.454000529
182499,3.06589365
60816,3.292709351
156005,0.455995567
244212,1.872429848
186833,0.37307851
70946,0.651636094
144614,15.05427456
179595,6.797324181
117807,3.347648382
247142,0.313311033
175625,0.495367318
271088,0.962755024
265096,5.045689106
49478,0.266133592
53716,8.404503345
204240,2.720833302
256264,0.041591488
31319,9.294672966
1834,0.250039089
241565,5.519460201
244721,9.311472416
106771,5.562930584
132851,7.904692411
168926,1.694494188
66725,1.355073631
39517,2.645395517
99906,2.768845797
137618,1.66300422
209551,4.328768015
96957,1.484830916
177927,3.308110356
44848,4.330357671
163025,0.089697743
251016,3.769679487
4737,4.422403097
157921,3.04392612
50480,4.17056942
18601,1.650298536
145684,13.2329731
38631,9.59349823
184722,6.63053298
217108,9.243272781
113534,1.165112972
161061,1.416707814
248975,17.23789597
153449,9.65428257
174922,11.84192705
275521,7.688363791
176556,11.4107132
90641,1.293362916
110325,1.89235127
89831,4.564148903
2338,2.216953635
135864,2.814387441
13223,2.935510337
116190,1.710863769
270269,3.856338024
279369,0.159331232
83221,0.30573757
162012,6.143511295
182865,8.741791248
73082,3.787987709
9282,15.99784422
165220,1.059158444
266370,0.071783014
45547,30.39485168
24146,2.094512463
134879,5.601948023
17501,0.613099396
79252,9.774758816
84534,1.570026696
188963,11.30035448
60296,3.869267106
263848,10.14396524
238168,0.030182709
162023,0.835206062
198404,1.658943862
183820,29.33045387
109941,5.950141191
117056,1.409431934
181232,2.669343114
252830,10.56355095
232855,0.932888627
53266,1.240785837
37500,0.302961677
185101,0.388728045
162710,13.29891253
35160,11.79312277
270281,4.41385293
150384,4.763889313
198222,6.548558712
11959,1.258297622
244308,1.933649063
51530,3.274928331
62427,1.565496325
37290,3.536488533
29707,4.465276241
153115,7.91496706
151075,6.170912623
51706,0.116453478
107859,1.09114933
241557,3.286353827
165350,0.64106223
245367,8.772704601
118987,6.80075407
24543,3.271208644
229948,4.446007967
70032,282.5392151
175728,1.117290199
276651,0.781291038
101255,1.543772221
42892,3.37135303
119790,18.88489151
117842,0.131277712
40308,5.717429399
215612,16.923347
147328,0.812292516
43082,2.040074646
129242,1.128780425
65307,4.863945484
263688,2.186428189
213561,1.27088356
137703,2.607821345
85068,0.939519525
234489,2.702177882
75560,5.196468711
199116,2.753470659
112857,1.315996826
85378,19.87480259
250667,1.64856869
167020,34.39636803
209124,0.034371383
243127,8.1860075
268413,14.19522238
171443,8.537733078
273706,0.449712528
151626,2.52308619
207937,22.17958927
225275,0.663285255
252213,4.311950445
85163,4.110759258
179957,0.622626698
183698,9.001681328
208566,1.164699852
38546,1.878853261
276825,0.241343908
227206,2.912626386
106458,6.193295479
66409,1.296206534
85803,2.624009728
128932,31.79770088
149331,0.49398917
236494,3.357387662
49787,5.763788223
72471,0.44571723
251212,3.375601888
256541,3.335041523
156694,9.180978775
70416,2.110835195
181847,2.577547312
189596,57.38501231
88016,3.168755412
211234,0.265216857
24798,0.144596949
82298,2.427079558
80917,8.186222553
53413,1.07796064
224665,2.758599758
144051,5.146250725
243558,1.356415272
133564,1.645486772
165608,0.123778693
276304,4.166816235
61099,16.70168543
31223,5.344732761
265203,0.301570535
166088,7.998925924
267258,0.516094714
94005,0.128121004
92425,1.340648532
115002,0.30442832
188546,9.79309082
123612,2.756331682
248911,2.184144914
25722,1.955612361
69955,0.737071637
195474,1.336185634
192207,1.459634125
217812,5.411422253
75629,1.810519516
148666,5.400393248
205788,13.98932123
154508,5.845257044
164188,0.052035799
73368,6.34303093
25775,4.0974226
142472,1.005910993
50205,13.41911268
233127,4.343804955
165083,0.826444507
222143,6.722693205
125650,13.57291365
246137,22.39196491
158866,60.51137924
182868,5.553812742
127818,2.314745426
65137,0.003436931
207589,4.052083373
280817,6.669103622
54334,1.808330119
160582,0
191915,3.381803572
50173,6.067085266
104351,0.383648232
133694,7.00593853
35741,2.783223987
48418,6.089705706
102661,0.693863437
29857,19.30891609
13960,10.82298708
110567,3.659926414
127467,1.52447015
252068,3.369971633
104508,1.925348699
101728,0.068502862
239637,8.931601286
253412,3.373841166
178335,6.777656794
129691,2.456380248
155609,0.937316865
84272,0.898986816
193690,0.752677917
25304,0.263527319
166270,16.74934483
157283,5.279527664
183630,8.493124962
51715,4.339186668
179228,0.129395697
219700,5.193273544
203567,1.501734138
56382,0.950292736
221281,1.968120873
220651,12.32450151
23790,1.035787135
59333,1.103334785
27,0.397235572
281734,63.34053993
57719,4.585036755
171989,5.704219341
97904,7.695933104
181948,1.598319367
283835,1.127888978
135533,0.285544813
148706,8.838758945
274721,0.25778684
266249,5.839601755
209527,5.931813002
4663,3.565748215
184273,3.55674839
244517,10.22091675
181056,1.747737646
33632,2.032279551
228914,0.114542291
282048,18.95115948
114218,0.633204818
106483,4.037395239
196287,8.672158241
183446,38.78899479
39366,2.446306825
67941,1.068290114
273498,0.092349768
281360,4.164887309
141132,7.078685284
132944,0.000608597
34732,9.728828907
173183,1.264159024
49581,0.706426948
162382,3.21497488
8740,10.46218109
125914,1.237125397
20852,6.912731886
24599,4.977776766
236135,2.777711987
46899,6.763376236
136361,3.148293853
79956,2.031707525
129746,10.51230383
14154,9.202023983
114621,2.608385086
17857,0.192337103
91946,0.503197461
110571,2.606897473
197055,1.649526477
251659,2.042991519
255915,0.410838557
164332,120.223217
44463,2.147714078
155720,10.15553427
148580,2.456608772
226545,3.737136483
218196,15.27618504
182604,12.75804996
180456,5.581031322
217621,5.312628984
138384,0.026633604
850,1.395761251
197239,3.271185398
52049,11.36625004
281686,0.876033515
212719,20.90114307
7163,5.226546526
1071,3.463017702
128599,5.135901332
194340,0.098784371
81623,1.924045056
38389,5.00427556
77603,3.294661403
19291,0.162030332
117603,0.282571062
125445,5.743418932
113943,2.976439953
123664,6.718069315
137335,0.144148588
82555,0.499690384
146165,2.065453291
186163,4.598852158
102504,9.676635742
143402,1.305895925
98935,1.76999414
17122,24.68597412
254709,0.825283214
29320,6.407835484
270409,9.31575489
143893,10.16719818
128793,5.01707983
53122,1.283491194
116993,34.46061707
181477,1.098224327
62022,4.889987469
213287,8.723081589
31385,39.46662331
171053,1.709106922
149207,3.979132891
179859,2.331241012
88275,0.290703066
66151,0.058254435
101355,0.424225554
28957,1.588159084
236689,0.169857673
233504,0.336749561
32244,0.956292212
159921,4.831002951
220453,35.85690689
68965,1.020208836
139435,5.666050911
68386,2.21046114
196964,1.624443829
218680,8.886642218
186113,4.085173368
145167,7.957004786
270185,1.409430742
196803,14.68167448
147964,7.076928377
174414,0.015791901
103901,2.459544301
228850,3.758243322
145158,7.827588081
188513,6.430052757
280993,6.018563271
80547,21.5917778
70010,12.47731209
3873,4.221818328
97609,7.374764919
30956,3.780551434
145328,7.791170359
109298,4.697726965
185805,1.132423311
141422,0.128050145
227189,24.82753658
200198,0.630925
170820,0.072549406
126495,6.171422243
96048,13.16161728
19251,3.939692259
198885,10.68491268
230582,0.143743861
137598,1.104716122
30063,3.417597055
231116,0.028558408
246649,21.87160301
82990,4.522584438
161224,4.923269033
61815,2.585718751
7044,2.054250777
59071,0.564061388
243346,2.068563938
125418,1.572534025
56617,8.174207926
145719,6.28576231
116564,0.291358911
171732,10.58525085
61279,2.626875877
79336,7.509766579
196320,8.127556801
35215,1.043368757
162869,2.545594215
158957,5.312356234
137830,0.424287647
28964,3.097579479
205184,2.309896111
278684,17.45530128
143106,0.622077435
158999,0.026834501
199920,10.05654764
129868,0.662882298
20554,3.627912045
143917,3.738657475
247700,4.377055407
278570,4.912646294
205541,5.461517096
42214,2.487266541
257439,4.222114205
226251,0.463874828
200050,1.500338435
47731,3.104904056
275273,2.684345126
25816,1.297664702
96363,2.500270844
260135,0.154217839
96626,0.344126567
185433,0.836235315
193674,6.040882826
24427,7.791284323
70475,5.698698521
196234,5.203006029
32475,7.915304661
70479,2.436006963
207081,7.87153101
123350,2.730026007
87897,1.383927107
55027,19.4135313
251048,2.455831647
276358,2.123963535
118521,2.932689667
220780,9.334718227
192769,20.16755295
56899,0.887488365
195102,1.76268369
195101,0.098554004
227112,1.334100008
54073,0.539507926
176637,3.118130684
254902,2.869169712
45408,3.267995954
143714,1.237480521
240311,0.052825408
60766,13.6882534
75763,0.726259202
186361,30.9441309
95266,4.806987524
27895,2.349187016
111592,1.156337127
272528,0.003443154
179728,0.836327374
159235,0.332170127
3752,0.864662766
72798,2.473751009
54996,1.26151222
92663,12.98801136
183407,6.564363003
143713,3.241027355
208978,0.066265345
43309,5.412462711
67768,2.267795801
114809,2.692153096
83631,8.480774403
274491,34.46513939
4151,7.359083176
21624,2.931322694
207088,1.358218849
151115,16.69707251
166490,0.507115364
51344,3.012029052
241358,0.881072149
86820,1.18265897
267251,51.30910683
171529,16.81263161
78207,8.087170839
176565,0.054347154
63917,3.524427414
265847,11.14122152
31486,1.351910055
2865,8.068311572
29446,3.604244113
278041,9.184996128
279129,0.154247291
184034,12.11041021
235634,2.37355566
220070,5.064506054
161083,2.406099796
128906,10.40103292
275408,12.44993114
225222,5.022538185
80517,2.037148118
193190,12.10215712
163961,7.891029835
171386,0.013821358
11767,1.88362956
188238,2.467115402
165900,3.927434683
62611,5.987796068
271722,6.84969902
5146,4.270566702
89,8.150075912
175395,4.362122059
185516,3.822073221
30065,2.655339718
37889,7.629941463
71193,11.954175
190434,2.701200604
7455,16.26957846
16120,7.819338083
138855,0.244134694
40250,5.171302795
78068,2.845821261
209260,9.374722004
51487,0.018269759
195145,2.885834992
140879,6.703054667
83695,3.619355559
138397,4.032456875
135618,0.402361095
197804,3.887519956
4425,10.87912273
164875,4.209387302
179095,10.82796574
132972,0.648131698
78639,6.7891469
257465,3.244359732
150941,11.69505119
36359,1.992127955
195402,4.245014906
230091,62.2252636
85708,71.54639053
229530,9.803449154
243461,15.0660429
199161,0.698094403
206416,1.213683963
249714,0.645859152
6769,6.26944828
281316,3.854836464
18578,0.957298875
86587,7.416028976
200287,2.130118966
118349,0.800044179
240966,4.453057289
260379,0.189304244
128271,0.984877229
67454,60.39005407
262390,4.79837811
206448,3.269498706
141233,5.073497534
191105,1.631738037
184320,1.870905817
228051,5.087582827
232763,22.85959435
19543,3.788383007
110737,6.677438021
178985,0.875862688
211012,3.752610445
241506,71.69511414
51276,1.141889095
36931,1.245380953
90856,4.807749271
112745,10.94579172
194252,2.685147882
59725,3.870040298
153599,7.768921852
89724,1.902371883
1687,8.811446428
98558,0.733082145
278728,1.603989661
40204,1.230621934
227067,0.593324557
108577,2.274180055
225502,5.38084054
221438,0.050807336
32765,9.566363335
93593,0.696141452
57825,0.33161667
26614,1.660380244
118802,4.028440833
61422,1.293868095
78350,5.06003809
141857,1.172922328
215979,1.030567765
99790,33.77167892
141945,1.817002177
37194,1.021333337
1646,18.5255003
73388,3.040859342
80676,19.66117954
266252,0.84099929
242166,16.37400007
85914,7.903694153
165342,2.762681067
140372,6.067191601
204432,26.31828308
245246,3.061080694
207197,4.924031496
138923,3.157496452
257919,1.201913208
151725,0.06956093
203795,6.129487991
89048,0.514020622
227432,4.639491081
232658,17.37076092
252457,3.053961158
75415,0.985083163
4603,21.92273235
63629,8.204986572
31992,0.859317958
274528,1.950878382
153964,1.7769683
74310,2.176827073
211124,4.068728566
177272,11.02312374
114639,0.184129433
186266,13.10104179
163538,2.242147923
256583,0.64972508
93694,3.254401207
518,6.883683205
91755,1.168921292
174261,17.67289162
49237,1.544242144
202751,4.844343662
215374,6.815518618
196756,3.417410731
105897,1.591646314
211761,3.115747869
36091,0.912174165
233230,70.54336357
126391,3.882546544
255314,0.702816963
180613,3.617903948
44793,5.456708431
201460,5.292434692
274058,5.736458778
273610,6.863117218
160522,2.093572199
246836,0.955589712
129542,0.769085586
206797,0.670325488
274133,1.983745873
278422,2.967296839
277060,5.538588524
128361,2.078801155
277362,1.841323316
259884,3.002882719
82615,1.776988387
67887,2.173176527
182620,3.136159658
40487,1.095611155
224364,1.340875104
257658,2.407937288
129716,2.048204184
263445,0.440335687
216796,2.982601166
273223,0.022916882
276911,25.98789692
104807,1.204316258
85033,5.03013587
81891,1.072593689
112544,1.510709882
33297,4.158370256
111048,1.281422615
263906,0.099421244
172783,0.960306749
8660,4.945037127
97761,0.442489371
597,3.756561875
54014,0.015829228
262470,13.09911871
254460,1.120143116
227161,2.035634696
38489,0.166284427
63022,0.001111562
107481,5.214287996
115208,1.818208218
172367,5.824481487
107363,1.493469179
19377,3.157235861
150266,16.39463902
247135,5.167977095
77778,0.555981874
66710,0.465886295
111472,1.259604126
20290,3.359737992
235531,10.67010403
107417,0.816660702
135604,13.70715618
77076,4.612025261
18423,4.411178589
35025,5.726430655
89990,2.692824841
161131,4.245312214
139732,8.061627865
68271,1.97192204
252872,19.36178875
101335,4.194220543
163063,0.603116214
263336,4.935487986
27256,1.977419019
55702,4.001199365
154797,2.688883901
66010,4.680358171
108728,2.785833478
133917,4.312490463
167498,1.693795025
113891,17.4965229
9958,3.427280068
134568,0.257761642
104838,2.102665067
70289,4.588300824
109764,17.6878109
85955,1.086642504
127171,6.52573061
163621,3.920027971
8838,3.664926171
31106,4.654062152
248093,1.893394351
460,5.902616501
70135,10.23495531
34305,5.27325058
229983,33.76032829
276518,4.10765624
28862,2.020951092
215803,4.880478382
94291,2.167890012
108594,0.448348001
263086,2.349922538
101475,5.573806524
116837,6.082954168
264385,13.22812748
169091,0.546480343
50342,0.310374796
172365,3.273813128
86570,3.101204276
204788,2.692509055
201003,4.60153842
272956,0.048206086
119092,1.945555925
198308,1.594726717
219501,40.22635841
265181,14.08862352
119778,3.472499132
253644,1.464311808
150335,14.62888527
156644,0.895518154
254727,3.850045562
66577,45.19660187
20176,0.078870712
138014,0.70072544
23229,4.757435083
85241,1.471769989
279945,3.493852258
249819,5.681704283
241049,1.456108451
98332,1.40820393
164557,5.476777792
234352,21.88282251
21514,2.807894588
255562,1.687736452
32796,0.265730575
130087,3.439288855
248151,4.019674659
266524,2.271226645
258358,0.092212291
237195,10.58324194
100485,2.808660269
134390,1.758379102
57377,1.535532236
32193,3.212427378
172663,1.072855044
73433,1.756945908
203840,13.5507822
26671,2.113165557
122490,2.299399972
108048,4.511294842
201747,17.58534622
22014,22.98667717
233944,3.898330927
48170,13.6067853
197306,3.705575466
248323,7.481275082
219050,3.150187492
224601,31.77096844
169115,1.499196708
250612,2.213235855
217669,0.642239481
189303,2.728136897
186052,32.52507782
245547,0.681872636
123403,8.122754812
43339,0.127188572
101515,0.104271023
282942,4.697421193
139059,0.44087249
136539,1.809625089
2435,17.67116038
146897,6.599626541
238721,2.683973789
17197,0.278888047
249667,0.388156801
106894,1.010787278
252988,0.852392495
102196,3.836947441
71571,1.706900895
182449,0.337272778
13962,14.43362236
153914,19.45030022
180604,3.699831486
145753,3.369714051
202493,0.360475354
27172,5.948555231
255509,4.307391405
51212,1.798616648
215836,1.07565403
253019,2.177380204
32342,0.707207114
280525,0.289512977
1195,3.682427168
74561,3.056834221
69512,4.038993359
93442,0.262972895
88008,6.780567408
58038,0.167145491
136755,0.802814662
46454,41.56416321
60413,1.545107841
71199,4.072043061
98801,2.229114473
173705,1.600293398
257297,4.926174402
234024,3.986822486
10725,5.038584948
280361,1.880654633
27627,1.451781273
275221,1.669415534
116447,1.854489565
189161,4.030167699
141574,2.2688905
125453,7.164654255
205150,1.688704908
117138,7.877838373
119194,0.996857554
153715,9.056509495
225239,1.658145607
174259,4.919815183
31530,2.154053092
210592,3.065560341
92640,4.235545635
210395,9.071418762
140926,5.510164738
73525,0.586992979
55436,3.175168753
225357,0.682861596
223101,5.832807541
258395,0.053028665
182143,21.76447868
83285,1.139731824
224066,9.149742126
94122,1.58161211
151612,6.831379414
146621,1.175322831
250725,0.166083902
92330,15.87250853
45004,6.085417271
239776,8.214262962
265807,5.015136242
92278,6.008414507
242257,3.181970835
75750,2.970230579
240006,3.417633057
38977,3.118668675
34542,1.165614963
76701,2.923295021
140184,6.867731094
252611,3.273001671
116877,3.292818189
157555,8.76283288
104996,7.320688725
179280,12.01914549
195344,2.145658314
95119,2.863076091
113455,0.3242063
196972,0.857553229
262309,5.438892841
17077,4.879022837
230790,3.777134061
279800,0.972951591
155965,12.08445501
283878,0.076852042
65792,0.940937996
186141,4.104900837
100100,6.616965294
55842,7.729537249
177628,20.31832218
67130,1.478345573
159196,1.325916857
50393,0.972231209
139216,1.458804011
44929,2.797788749
106437,25.26540279
86288,5.593832254
148001,2.11430043
61191,6.032562017
90681,15.23692513
69954,0.728190988
241579,4.696186543
257604,3.110645175
59986,1.825766027
168371,0.259055153
96075,2.931359529
182618,6.931099176
118375,4.858301163
274894,4.960347891
122008,4.191211939
135930,2.583984375
94322,2.562208652
15860,16.34586716
193243,20.28565407
17473,0.904837698
247803,3.562725425
262392,7.048132658
115263,6.556119204
125123,3.603536487
18537,14.22207499
269890,4.01158154
283513,9.402075291
194351,0.058337978
246149,1.884147525
94099,4.371509552
121817,0.832567334
243166,3.910054207
173308,8.680470943
99014,7.387962818
101414,2.155289173
82527,1.691363811
154521,12.53783083
215143,1.110142112
51082,0.709585905
183766,16.74867964
60686,10.04165697
32369,17.61009121
261299,2.272332311
222969,4.061149001
129465,5.07393384
112673,2.63162446
5126,6.798855066
219234,1.6272192
227670,5.03061676
229623,3.693271041
1186,13.33287239
148957,14.32175064
18179,3.794649959
95589,4.496548176
153035,4.140475512
189695,4.186844945
153186,5.883404016
190665,1.101284415
274504,7.371181726
60283,4.514104843
48399,3.917510867
222490,10.56088161
22441,8.29856658
67140,5.769581318
185992,0.928319774
950,12.8445158
56853,63.89599419
184,2.019944787
191790,27.14625168
6245,6.343484163
114523,7.590182066
236894,10.7383461
66532,1.061089039
55609,0.55713585
274959,39.45912552
3415,5.598009109
211371,10.59007215
148775,3.341727495
109411,1.720497966
102432,5.517498016
220202,54.30920029
62971,2.322573662
245774,17.38041067
235930,7.021903992
94403,1.044422746
87869,2.213444352
251829,2.662698627
186125,6.850671768
280584,3.397521973
156052,7.415021658
10864,8.612964392
155190,3.069966555
62106,14.20816469
30905,1.295251951
62719,2.922816515
122615,5.333080053
138072,4.617901087
101166,1.751357377
197779,5.342174053
262456,6.84275198
194363,5.853307009
203145,5.846510887
27988,3.202958345
107113,0.948883891
146688,1.443591237
144448,2.879783154
105379,2.339304984
74180,0.001430387
284606,11.24859047
53281,1.859954357
174767,0.289193362
1331,2.128286958
51484,11.00368118
177319,0.354004458
271995,2.223687708
33116,0.100376567
218027,0.266114185
68809,1.551651597
107721,3.08701098
87380,0.231954306
90455,4.491743565
9697,13.02322483
84013,0.044529577
19951,84.67414093
9759,0.353226393
217512,0.420476347
67909,7.478709698
133283,13.90048504
52020,10.2072258
161734,0.393680114
229824,8.551054001
78046,8.137595654
58372,9.059123039
98977,1.414537489
57687,0.73913455
193078,2.445687771
16170,2.709072471
284069,8.141438246
178024,3.810200691
149312,4.714556336
188193,3.601027012
236980,2.842422366
29018,11.72657156
11698,16.8341527
17789,2.259099603
25472,2.982623219
186987,1.397325993
63071,6.897544861
203184,3.244541526
66764,11.27244091
94997,1.052539647
138261,5.057300568
33271,4.107632637
76404,1.325340629
105628,1.09658885
135342,0.353801936
247646,8.954753876
201404,1.799507737
183272,0.211382315
140925,0.754067034
73412,7.949002028
24698,2.25338465
95167,4.679092884
188175,2.76447989
283120,5.362982035
16319,2.927883625
223108,0.077862568
114759,0.127157569
162595,3.27300787
252217,9.130654812
153273,5.553754687
113620,14.3461237
207557,0.013746632
45288,1.498560786
206851,1.772069275
19850,11.26339102
158979,0.122158807
63807,2.961619735
158388,1.797690809
252435,5.261346579
144512,0.189122002
53920,1.314681113
80161,0.829870049
235999,0.7486168
196762,0.040975816
213600,0.788995922
233257,3.468201399
9528,10.97870302
227955,4.087240934
27151,1.251121759
112295,13.07969236
132606,0.857752264
213282,2.084952831
232175,1.580507874
169919,12.78699684
205899,0.026630484
149527,7.300126076
111364,0.862112552
26372,3.682846427
83138,14.30795908
235170,22.42574883
277349,0.160530299
196317,5.113863468
211991,0.016070995
195833,0.217226952
43388,3.771831393
47345,13.30982304
163263,1.92204237
102736,6.284448624
60589,2.094198763
1056,0.40168041
37095,3.520528078
240235,0.652590096
230718,8.612535477
227726,7.099655867
244633,4.426908016
157068,3.858819008
239774,23.16216755
209394,2.892977476
163664,4.626430273
165884,0.180391088
219345,4.279617548
196185,13.75747442
281620,1.904703975
88446,1.121270567
156386,10.37202024
25785,7.64209795
140755,1.165508747
172721,46.48287201
217009,0.376800023
137450,3.939494371
259283,0.886330366
20459,0.915943533
148124,2.206543565
54834,0.762603372
198577,3.589999914
226067,4.659864664
39328,8.562801361
37691,0.628743783
125835,2.113974214
104017,8.253877163
77247,0.388177246
168036,1.849326968
126794,1.493906498
176269,4.405716181
157531,4.894311666
268143,0.141558811
165873,10.45948792
42927,1.414313138
214174,0.067147531
203263,0.603299677
55669,12.56172824
106620,25.64403534
3713,2.90132761
116858,1.260844827
15148,1.862262964
20986,9.038197517
234342,0.195524633
71413,2.245489597
239661,1.310676277
136072,7.786128998
7247,35.82180119
174206,2.898750544
189565,12.86835623
174568,4.796349764
22235,9.405508041
249959,0.765985489
36027,8.177282333
122320,1.338736653
280239,5.444255114
34051,1.566236794
26132,1.748694539
186255,1.780459821
265693,0.614660382
143879,6.41100502
250085,4.524255753
172376,0.041342253
116317,6.320258856
98504,7.400244713
71129,2.157564521
137526,1.268751502
81450,2.210788727
256576,1.171485826
169935,3.442207098
129522,1.632522523
235998,5.607747078
257425,3.361176968
82110,2.064888656
248294,0.731951982
86165,2.925718307
37718,3.449943304
206738,2.52668786
67616,1.498372376
136528,11.63522291
133702,3.574776769
59132,2.639596343
210819,1.743098557
98572,2.049082935
50254,2.492344975
108903,78.97261429
240523,25.56765461
153671,12.94070244
242058,5.396081448
268941,1.370500386
197210,2.41514647
208402,7.695219755
4253,18.13960266
238905,2.912175417
154097,25.75704288
176157,0.071457704
237179,7.694933891
164248,1.355750278
168596,8.860298634
117451,2.84577322
270661,2.275531292
95842,1.647138655
200136,0.787436187
35497,4.132341862
199038,7.613194704
169887,4.885331631
270043,0.096572701
145884,5.797899008
105436,8.197643042
158354,1.022147004
269477,0.693949729
180163,2.431182623
233041,3.179516435
261019,1.074278951
117146,0.891306251
7877,0.852425382
146559,1.375073344
232625,2.552387595
41018,6.2729702
200217,6.719948769
23094,3.578573704
222276,2.310181379
27330,0.059113113
108694,0.29130853
113408,48.21330007
54733,0.915140033
185411,6.982895136
73974,10.32575536
54431,0.478270225
231584,0.829626799
129003,3.859505534
137595,0.805390015
136647,6.176898241
10713,5.200874329
185830,4.026075125
163696,1.535502791
265695,1.064997315
66797,0.951276541
160474,0
239533,688.1765137
191424,34.92386627
1946,1.997919172
267073,0.103899427
148506,5.744500637
72337,3.822758198
130965,1.392408639
28194,0.935861766
32431,0.168915652
192319,6.004499197
203313,9.328897953
171922,7.699267864
73215,5.095664978
133499,1.216417789
61674,13.02297592
219950,0.723611832
283074,3.800199807
55229,2.00923425
221873,0.349669727
283089,1.21516037
103785,7.863069534
200840,6.593893051
128781,2.050044656
155152,11.35470343
49144,2.040548086
238648,1.031002313
253000,1.828965664
127275,11.41619539
62288,3.889412642
188447,9.434253693
31944,6.641928196
47235,2.209132075
218564,1.170619965
154206,1.324998438
46452,9.197339058
247117,0.141917735
189635,2.157873869
255546,5.818621874
6842,27.76953697
76728,0.54901664
121612,0.409396216
92199,91.57643127
70636,4.585912585
56751,0.677068681
201615,0.768717289
56795,0.267513663
109355,1.155166358
75069,0.345812157
78088,1.207894504
230772,2.290643811
164644,4.321566105
267739,4.870778322
238693,4.083681345
9770,15.02557325
174961,1.704264224
252924,3.722140193
73950,1.039375603
234085,4.137102842
115490,5.198528051
49425,4.266810536
20936,11.48102427
14122,5.828786612
103252,6.01324439
122671,0.099759564
51051,0.909869626
19479,1.714174628
123258,3.309780359
165676,9.790298939
76155,3.670266747
17724,6.822595596
88076,0.844980419
61359,1.5968007
98431,90.71401596
277389,2.870802522
17165,0.839959592
112025,0.365835324
206034,0.919627316
31016,4.269636035
199389,0.003469157
7828,6.385993481
43554,1.171313405
34258,3.872319341
243192,4.006260157
96659,3.33882463
6385,5.12925005
116512,1.47826165
12725,45.1732254
66336,6.56552124
209363,9.095410824
231670,10.16573858
101248,7.3205688
48037,8.137541294
239484,0.288561866
183038,11.84561348
189113,1.244540215
246544,16.27568054
142613,3.266323447
36690,1.166351676
75289,1.25834316
182111,8.393387318
66211,8.257686853
86908,0.649500996
108633,1.842917264
132147,2.027696609
276285,4.414262176
92314,7.693751574
174711,3.974232554
137760,2.505673051
26290,3.018091798
68487,10.19618607
232991,5.714582205
203225,1.342134297
148376,18.60450745
129876,0.434891373
131486,0.254719265
251564,3.251869917
14869,6.715518236
168007,11.97242212
126233,5.879458904
161389,4.320970535
221447,3.743840933
18469,0.187618641
239992,4.020632863
266751,7.425617218
146073,0.416907459
253933,2.425487995
125218,25.84350109
185807,0.353505969
212298,13.87726879
77993,8.798700809
15086,1.139041469
154018,3.152526021
251715,0.755219996
204300,0.637380213
119801,2.443562329
20347,8.96041584
256276,0.493592799
75910,0.18746984
95320,7.292610407
209755,1.568980515
98887,4.918068171
181157,3.377110481
24107,8.633320332
8446,7.700289488
39473,3.750591516
244384,2.326522112
153990,1.983303726
248300,4.168750286
77212,1.11835134
226795,2.083666921
52068,5.894473791
154972,7.038266659
128710,1.283289373
207245,3.035824656
223682,3.52474916
127976,20.42679119
144401,1.193228185
157184,2.38420558
139770,2.676943302
216108,1.349589944
15531,1.830312312
235231,1.526364744
72205,10.37884855
64790,87.51130676
96298,0.448982239
212014,0.270965487
136690,0.652765542
250153,3.056714773
42934,1.380541682
172423,6.091604233
12961,8.052037239
45020,2.74088639
87342,0.027590675
167506,1.293160319
54898,20.97415829
58791,0.013828406
105843,63.76508713
280185,36.63086891
246754,2.759492173
156128,0.630348802
103150,1.331783712
210660,1.203116357
194888,13.98357534
246210,11.40369797
21024,376.593689
211092,4.974995136
68444,14.09049034
159608,0.119827557
259131,11.26110172
155486,0.186454394
51916,6.577216864
199504,0.707498789
179780,1.293729007
151702,16.54644394
197616,7.499016523
145829,0.313322246
273918,3.443990111
112559,3.886584997
13282,17.03187084
109253,0.98125273
116705,3.932216406
137970,3.898425579
191837,6.907514811
28199,0.55054611
268603,1.436319828
194200,5.202675581
186524,14.76262665
10562,0.016281967
282805,1.842521667
281884,0.81422472
87360,0.741127968
243620,6.191991568
43747,1.680225238
142249,0.682564095
204954,2.822690129
113839,0.995348632
178870,18.64250708
94105,6.14348197
33317,1.575797737
46033,1.439697564
52318,21.16123104
224989,5.980327129
77017,4.527610183
255018,6.322149515
258177,3.185559034
234667,1.404092968
104663,31.28056335
77254,0.00343101
84875,1.201481283
128951,4.886538744
151074,7.739186764
24200,3.922558784
187130,6.304186106
277225,7.897865772
176293,3.642753243
87601,0.261158913
149157,21.50439453
232002,0.154302891
179080,0.410871521
125674,1.118485212
204971,1.009572178
284046,1.995935202
67393,15.512043
154354,2.783179164
151505,5.524237275
26419,4.803650618
107438,2.258590102
68204,10.23482847
281429,9.12719059
182354,4.241778612
171292,0.515041186
28126,4.122151732
237719,1.401777029
153844,6.169193029
201349,3.701086998
42962,3.839465141
57656,4.678571224
49276,7.387518883
86959,0.325783629
218811,9.795938492
30824,3.878274918
77441,5.064240694
240327,1.15720731
155357,3.31254065
141725,5.841696978
71701,1.10309577
145815,3.99264276
269037,15.9543972
42861,2.291736186
80577,101.1984673
44928,2.527527222
7566,6.229314327
44428,4.256815434
199071,2.398577929
49364,2.160826802
190005,2.759258389
160178,0.7063272
201732,5.744796276
150314,10.26590824
167826,11.56397629
188892,68.20505524
246761,3.424469352
246142,13.13420343
162839,22.31812191
145258,0.137530051
55375,26.28298569
211337,28.62601376
118023,0.305595107
261147,4.458920717
237801,17.65836477
215562,0.051039651
73724,4.501968384
135636,17.93841934
218360,5.960330248
183620,7.111154318
96022,2.061466575
108043,8.255665302
199405,17.82404089
79337,0.978630394
281497,1.142621607
253341,2.594808161
206757,24.24894524
28271,1.276089489
88496,2.939465642
13292,2.412585258
254457,0.709815919
58710,6.083862066
82171,1.158243895
251980,4.075057268
123456,5.010312557
40679,4.271389723
74003,12.73654699
243670,2.331888139
228287,1.200181961
190562,0.090278286
25732,0.563272364
132314,0.557305053
145607,13.58834791
29959,17.94500923
146227,2.788277149
45174,4.271533489
21366,0.986848384
202684,3.72709465
108881,2.893252611
216633,10.1503408
268148,0.527447417
280416,0.372559458
279162,9.993246555
170749,8.582933903
242494,10.74319172
270117,3.050953746
9597,0.587907016
107023,5.431993484
116780,1.21285671
16272,0.658350736
214250,33.54745674
267138,4.093858838
55575,1.099996731
193611,0.852759302
12590,7.246850491
188153,0.278939396
281759,3.701909006
274448,1.216194153
160760,1.485783219
14519,0.586987212
50465,8.432472944
49953,0.150301691
137035,1.88295728
276835,2.739633083
146123,6.016179085
15584,3.993742228
84694,6.105477333
62937,8.067560911
253137,0.921804972
37669,7.663957596
203163,2.69758594
246190,0.405010801
178105,1.235477626
78507,0.141449687
106929,25.48628521
34099,1.709606946
100689,1.050254285
32734,6.175251961
128446,17.87195873
11131,14.3857646
78776,0.111307312
270094,1.030448824
279899,2.921528339
76345,7.719741106
92369,1.177338779
201995,2.215190291
190072,13.08878279
3465,0.954820201
246542,3.158780694
235893,9.985117435
164586,0.112252031
82988,2.333500624
93231,5.958312511
261551,10.14877272
171115,4.212860107
24110,1.115175545
118590,4.378214359
80336,9.927869797
193365,5.263723969
9838,6.035615921
230248,0.976832509
178066,21.94656944
265793,2.126033425
78506,9.293766975
37457,6.293680668
142177,0.882312655
20423,5.93628335
27690,2.553896248
28917,6.522761583
146739,8.229047537
212606,4.404714823
44979,10.23549795
19926,0.630888835
146256,13.76283455
92734,0.290745487
111144,11.30652809
166461,3.891783834
151321,18.99022388
213587,5.614799023
120302,4.547751665
43376,3.459372878
49729,3.515011072
206940,4.551580667
82645,9.158352852
157042,0.740729779
90965,18.87721157
192619,2.603059769
20312,3.517575622
166989,5.055456996
127729,3.381763577
82438,0.426846921
11348,3.496939182
44078,15.44652414
142541,0.11646064
199926,6.153408527
249010,1.340472341
263162,1.859230161
160275,4.369965553
225486,5.960239649
78720,0.009357813
392,0.355877906
192298,1.242558777
18958,53.7222379
187609,3.214111567
124268,2.818586111
175806,0.202566959
245658,2.249477625
271169,6.236133099
110644,2.846083641
283354,8.157409906
96536,6.492497444
212055,2.981655598
199709,3.448234081
181368,10.77104044
28859,2.332684278
34580,1.015666693
220681,6.604629993
108666,4.165020108
281056,7.493347645
160187,0.696807057
183029,4.687386513
177214,2.594498038
50583,6.284133434
226271,1.881667793
73171,2.924332142
76303,1.112643808
101925,15.36794853
212016,112.9464213
172540,12.92379522
139044,26.90981674
19340,2.411455631
109821,5.11114049
121051,12.39407253
50566,1.240645409
37292,2.318961203
128959,2.852009654
41738,6.241988659
55473,8.435961962
86331,18.21279907
52702,1.505817115
171050,0.102045972
205916,0.962303281
55368,2.303196788
43737,1.200136602
78885,3.482028484
213224,0.176209121
198285,3.244343877
119,3.771159887
256222,10.52600288
194476,9.194065571
4098,0.024881982
128796,6.023785591
80972,1.947972655
192746,2.224555016
103650,10.30273056
42067,2.715788245
274584,3.507020235
91655,0.171484099
79145,2.634443164
106259,1.834365785
102111,68.33289719
199888,0.951517016
236655,7.651960373
239377,1.892052174
13676,4.672852516
152620,1.622756992
163199,21.85578537
134312,0.794252202
33535,2.302211404
14207,0.821863413
45316,6.098007441
232332,10.75745559
253224,0.071836611
270451,4.761010408
128813,10.5942595
147939,35.74633884
6596,31.26223564
100954,1.715975702
178178,1.302461386
105831,1.254820883
79879,6.300655603
153385,5.825080156
159880,19.81239605
168695,1.036574244
130528,9.661719322
207930,12.51003981
48701,2.764190674
243419,1.666983128
92108,18.0840292
92582,3.914404511
17397,3.462194443
133336,5.71278739
135851,2.964043856
180121,23.24379539
107986,4.862111092
32504,0.933887482
246629,4.072829723
268914,6.96317482
114058,4.440134406
45250,5.310439825
18642,1.180910826
139930,9.486257076
107670,0.500974581
32531,1.165441036
193299,16.50069904
225017,1.436086118
135999,3.006019235
76972,0.54997535
104128,16.72971439
61606,7.124204874
71592,4.923563838
216517,7.20555377
80983,2.338127732
144478,3.004399657
247679,4.365130663
28318,1.991155744
221518,0.382516831
269025,1.384344459
195392,2.327952504
69681,4.036409616
179322,1.827347815
197466,7.253911257
213259,1.190905988
155968,5.859235287
118045,1.523556322
28600,1.502474785
30229,1.65627414
171010,1.032939613
60195,10.57917261
112355,13.582901
135126,1.650422394
106224,0.716861904
70580,2.125019252
210726,0.386940151
181874,0.879332364
183286,1.568030566
89807,7.580756664
102924,0.609892145
79081,8.3302598
58728,8.231067061
234804,3.650199175
161327,13.28510141
159232,0.817974404
119616,4.583102822
256156,27.64323997
124013,1.305711031
196589,4.204948187
262693,2.2237432
178138,2.848219514
165144,10.51584005
103060,6.735467672
33626,0.709038228
10228,10.61785746
79343,0.336046584
117242,1.797271907
165970,6.212218046
139555,1.851053894
28265,0.767924577
40490,1.053654075
74920,7.275382042
162055,15.57529449
259000,3.048240542
104315,0.837235868
46011,2.279189467
122023,2.012614369
12087,6.116478443
165546,0.432910502
169206,0.656310737
14292,2.822217464
262713,15.885252
284097,1.122239083
173701,4.58118701
54080,5.885208845
130184,0.753420442
121278,0.321011409
119574,9.815909386
112975,3.949355841
193814,14.63215208
114846,1.619128302
265292,0.208518215
58838,3.301227212
242782,1.556726038
105418,0.34280546
79854,6.11768198
150264,11.11538982
129137,0.725828007
56325,6.592857122
61664,18.5253582
99256,3.017337799
79660,2.258600354
213717,1.275886536
182943,1.399794817
80794,1.751163185
210758,11.05393171
142475,7.306372166
113241,2.082729399
159813,6.40761447
145525,1.555559993
48375,1.481731772
165163,0.77637881
181510,3.507452786
63100,1.149736166
62230,1.167283535
94428,26.90174389
75217,3.388285041
258664,4.960607767
205670,10.45215273
224391,2.005870759
147265,5.547271729
49141,1.084157825
283495,2.09559083
110014,2.053482473
73790,2.877404332
225103,6.468561172
204693,1.166926414
247243,4.992024899
118430,5.182560444
221383,2.348560572
265297,8.580307007
209965,1.154824138
78517,0.927708834
131561,3.405673027
53458,11.49102116
236911,2.507096648
20517,1.262434721
99158,0.365283982
36681,5.236759901
155245,1.337366551
170085,1.711621761
37900,13.2244072
161914,4.991173506
58900,0.799576342
66733,2.668854952
47885,1.81761843
167071,5.251966
178358,7.827723742
161111,2.292364597
38081,3.197555423
103825,0.638645418
169347,4.0677737
190461,3.748794079
208560,0.842707366
85030,2.319157779
98294,0.795857698
77490,8.319602013
117952,0.123185907
1177,2.811236262
8031,4.05710268
212583,5.137159348
201252,2.188007712
270477,15.58272266
87537,0.529301226
81391,1.837671638
749,11.00252724
209237,2.210905075
14299,15.91754532
100009,1.445628464
110933,0.165050181
174488,2.885121226
250756,0.882151395
244098,0.069899905
161591,7.153019667
17147,0.687245516
151782,2.125454783
43933,0.365500407
131040,0.81459552
213541,21.68851471
273953,4.177883863
218385,0.338842861
191504,1.513427675
127497,0.208723973
186164,2.244235516
211502,2.244887829
59276,2.355738878
93856,4.913123041
142826,6.31870389
216546,20.74858856
136093,9.355911255
95641,13.36033869
173367,17.07133865
20417,2.970193148
10391,5.138582468
113683,0.73287189
111856,0.439890128
36700,2.748804569
35541,5.013100386
79435,6.731198788
3314,1.954020441
124329,7.221103668
91238,7.753911018
142702,11.76174974
48505,1.396413147
94078,1.486287534
81232,15.81718302
33186,1.533201277
179516,0.037894219
147983,4.005832553
147471,9.118990898
182468,47.00897217
42681,10.22903633
214988,4.255880594
205196,4.063438416
80300,0.233064055
185235,4.78949523
145232,6.179127693
59728,0.618522942
21566,10.38136101
181278,0.914476395
72567,1.127859056
157044,13.79967976
201259,33.88848305
274553,63.01054192
183432,21.53529167
224445,6.428860188
234953,2.605205655
116084,15.53947783
192315,0.133741088
50068,2.952040195
13737,10.42650795
86766,1.163644612
10989,5.5596416
256527,1.979415059
273928,13.17055178
140521,2.488123536
143275,1.206802964
42911,5.013098955
43311,4.120936751
132939,5.082228184
208902,3.758298755
243963,0.686437339
210162,0.627405584
97825,1.075442836
278035,2.802713633
60722,4.192831039
143031,18.32988167
210915,32.2680397
72275,4.142165422
22749,3.527808309
24284,0.274016537
250517,4.17005384
20805,0.868802309
256720,2.797553897
112333,10.10431051
124891,0.884792104
34865,1.870639384
113973,3.22540319
96101,5.28072691
98359,18.57782459
38746,5.587127686
236128,5.04304266
35124,10.05034542
172822,1.872476041
106506,33.66828728
17280,7.083889961
102837,1.346019268
23373,0.252884328
30419,0.49859792
211654,2.60053277
261841,2.447125196
196551,3.287953973
194519,10.1721735
264853,0.258893795
35100,4.793011904
191480,4.641402483
115607,29.55004692
266070,16.68579865
133574,0.879453391
235548,8.967829704
91780,6.898817301
107893,6.560050964
40725,9.046769142
146102,11.64440584
64308,4.837683201
166796,5.82329011
141202,5.273083925
252170,1.449397683
164997,0.309258588
223245,0.571276486
201653,6.791348219
30031,0.48331815
270806,0.985541165
109681,3.090732098
134158,8.278485775
162139,3.257520318
99580,0.965942085
280859,7.365701675
262923,12.33766556
280297,1.683963478
170044,12.55029011
37569,0.335377775
192812,1.619011939
138410,2.912064552
125527,0.907493368
229757,33.9985857
35376,1.517545521
59948,3.284300089
237657,2.070346177
36827,4.779409885
157481,3.586069822
203312,7.277822971
32736,0.785075158
190473,7.886222839
1113,1.181669354
246627,4.841960669
25205,1.527077973
73146,2.614308357
250719,18.07819271
33114,10.48408937
203535,3.100979567
118523,0.469099164
163883,2.353891253
267156,41.23301315
210057,6.485023975
240005,7.931952238
171781,14.56293249
206673,2.158630729
224341,66.05216789
153882,7.130783796
134196,1.839417219
142884,7.525382042
42658,4.254353672
24100,1.027431101
275757,87.3733902
94349,4.519633293
77110,2.172680259
104729,1.192886829
195553,4.038631201
229154,8.85077858
59680,4.492791653
256275,2.320705831
283210,1.100667506
16468,0.741179241
71755,4.020185232
91151,3.892517328
11452,8.121824741
16041,1.311954141
151072,15.89847374
158887,3.507413387
135392,0.227198303
97870,1.143762708
265175,0.076160468
84301,6.755971193
188181,5.488427162
7715,15.39168072
163369,1.062185138
194212,3.362917542
7741,13.45050192
152351,3.078192115
50312,1.605909586
158182,12.97630405
255662,2.938380837
265426,2.012690723
254255,43.03765488
93699,4.334372759
209312,2.236522794
232950,2.720676303
167188,4.523388505
57650,4.380425453
144939,0.47092174
121679,3.488961577
280051,0.274542622
16047,1.798041463
169904,9.798598289
73722,3.190973401
23972,0.732521236
245450,5.449745417
251890,10.7367363
265217,0.498569697
203575,3.182771921
200805,2.839624524
1839,2.218885243
4968,12.61936808
34856,6.167247534
74344,21.10654545
66101,2.775038958
233979,2.238789797
252571,2.850431561
36542,0.979809791
104130,30.43117714
6539,2.621217728
199349,0.621788907
16158,0.478436857
141818,3.408101082
213283,0.608648241
212538,0.91787222
118955,1.199833632
29578,9.623123646
253732,1.806479931
277560,1.597575344
68102,9.438254356
273108,4.546151161
168505,4.703278065
100635,2.345521808
219813,3.132332087
142007,1.18952924
12808,9.273590565
90832,0.289264865
118250,0.834544092
186635,2.863120496
2866,1.098200364
121626,8.172285795
117880,0.02238238
243565,1.361602306
81356,11.13443947
120110,0.315789729
235545,3.399291635
276405,0.819856197
17550,14.08359909
171822,0.299500138
158720,4.634253025
33324,8.48517561
68309,5.565598965
178256,4.179828882
94139,3.198277116
120422,0.762969106
5328,4.106286287
35897,1.47133249
55174,5.913418293
270161,21.79144287
31280,12.76992989
104342,1.053775311
219827,21.88311481
243482,4.169004679
216826,3.53403461
263282,12.56234837
103787,2.378925145
99797,0.758153185
142221,0.687172739
40187,2.14464438
56175,9.891354084
58185,6.331376314
264890,1.7901932
284190,0.367453024
54273,7.240718365
224148,0.604146004
33525,1.348089755
176306,1.61565271
1134,3.460937738
124510,5.44551158
141983,0.642496496
86580,9.511973858
218051,3.409435511
276787,0.756984115
20205,3.651623249
79815,0.88651526
186922,2.18037498
156175,7.172909498
275622,0.651693135
172120,3.428921461
35257,2.998070121
30345,2.672310412
96417,13.78907871
97744,19.33641911
190891,3.374235153
72654,1.078674793
233699,2.179167926
109340,1.832945347
226054,6.505342245
232452,3.184883833
165008,0.195100419
53434,3.216412187
199258,0.636935622
47893,9.302518368
242033,13.22267199
4015,5.366836309
242811,4.769979477
21431,0.877156585
61757,0.003561028
231367,1.107016612
167576,2.081978619
159500,0.461145952
204392,5.387454271
47693,0.116044192
23051,1.483868778
250262,8.904932022
225352,2.79756701
28289,8.736109257
62262,0.057325359
242819,4.458837867
236770,3.686557293
29795,9.571886539
111931,2.072213411
246343,8.525161743
923,1.16768837
208096,4.406628609
276957,3.525153875
143325,2.382355571
61748,4.488116384
273089,0.421871021
30491,0.498910129
48749,9.510360479
92254,6.409094095
168777,15.90844822
99808,1.247353613
276081,5.021230936
9953,5.406213284
171139,4.573709249
271876,8.158666849
94489,8.768516064
17900,2.736160398
118724,0.238138967
212179,0.901306435
151747,2.368589163
218797,3.669111609
204322,6.886485577
252373,0.350163028
239554,3.297040462
165496,2.764208913
150912,11.65838766
129729,1.12018764
51285,0.384008545
9202,7.88122344
63424,10.23425245
274710,9.601797104
145930,3.900496364
160045,0.698097065
247665,7.937597275
254218,4.674532652
113856,0.207990579
23952,1.220411122
8974,38.38280201
8934,1.828154445
97717,1.348941803
202488,6.337815523
247102,16.11176491
243327,5.826769829
180490,1.138030261
38276,1.428438842
67977,0.017861844
232573,13.1720252
256897,16.11054325
168141,5.122478485
11096,9.147326469
76133,0.54795897
227019,5.312006235
149365,0.983829558
57114,2.562376857
261292,1.220296383
145491,3.591636777
184010,9.060064793
281428,4.820015192
230215,0.741022438
199252,8.830587149
12970,55.44643784
29007,2.858098984
44492,9.166345596
222195,1.664318001
53629,0.549217671
164562,5.48682642
169182,1.931644678
218524,6.940045118
64459,6.566829443
22957,50.14803123
59376,15.37137985
112922,9.572994709
130809,3.351644754
148084,16.02471733
176504,1.513753414
201393,4.877316475
75398,0.864938676
84759,0.559228718
36457,2.599603415
38524,5.129942894
196899,12.95635605
283865,6.936923027
280934,1.632757306
283831,1.542374551
159090,5.820856333
258201,0.15283623
107260,1.708039284
154438,7.036041021
103079,0.929712087
225125,1.431410491
253432,0.81908679
20320,6.163989544
73373,1.628148675
206837,5.97098279
262591,2.456920385
276507,5.130124331
39801,3.109433293
134928,5.136674166
63817,1.224418581
101601,0.558467329
209939,3.540889263
218532,0.655525714
217979,40.81913376
69045,5.851645947
114683,14.16311884
277420,0.286081672
95741,26.74509048
202707,5.043589354
195661,2.666846871
142790,0.770796299
261912,1.418364644
273391,22.56190968
252455,1.882243335
61461,3.718571186
130172,2.444226265
80137,1.647465289
198184,3.281179667
78522,8.347902775
56117,19.36109257
210384,0.174679425
209379,0.540327623
2698,0.925505549
92426,8.249852419
242331,0.601148725
116578,29.53258705
174359,2.524681807
227695,0.226840079
11926,3.542171717
194016,0.892346233
144083,1.542824477
265470,1.721365631
281248,4.652865648
280423,17.1913023
24375,0.017621947
36084,9.623878479
40873,3.827572703
197037,1.902487874
206726,4.329113245
116870,3.780174375
49246,3.259686112
138587,0.843168035
283018,1.941555023
185335,3.502620339
209301,4.119096041
71568,8.506788254
14103,9.791077614
43596,0.307703797
187251,0.434667587
237224,6.269422531
161129,0.562092125
129943,1.521788388
31063,2.362410605
159459,17.8062048
150772,25.27664757
84332,4.907922626
117130,1.149109066
93948,2.738662243
277753,23.59708214
204802,8.414134026
190013,0.101833027
6873,9.854234219
141965,5.590969563
144889,0.251303036
258224,1.67847836
261548,5.249867916
154016,1.610923171
237047,0.814998828
61819,3.565061808
262327,6.014433146
19376,2.525790334
58239,0.12796438
226560,0.884094775
140468,1.622270346
34976,1.415989265
189730,7.566072226
162822,18.82040215
77459,18.14767742
31404,10.47630501
70832,3.405097723
87034,1.072299704
213766,2.891134858
50404,3.860842347
41134,2.042131841
259748,3.031146407
62542,2.896755219
227659,2.320123076
8517,15.05907631
30809,0.99038735
272553,0.706528157
121925,16.76659632
271780,1.610131919
276122,7.397414684
208839,2.792443871
281007,1.178087831
223643,13.42540264
90569,0.475637909
245047,2.433223128
52661,1.323908985
279964,4.90756166
221072,3.372033834
